Agricultural holdings size by land tenure,total,geo_code,geo_level
Other Tenure Land,114084,NP,country
Owned Land Holdings,31059453,NP,country
Rented Land Holdings,4051758,NP,country
Other Tenure Land,1580,3,province
Owned Land Holdings,304034,3,province
Rented Land Holdings,22683,3,province
Other Tenure Land,17,56,district
Owned Land Holdings,4500,56,district
Rented Land Holdings,40,56,district
Other Tenure Land,17,29005,local
Owned Land Holdings,4500,29005,local
Rented Land Holdings,40,29005,local
Other Tenure Land,17,29001,local
Owned Land Holdings,4500,29001,local
Rented Land Holdings,40,29001,local
Other Tenure Land,17,29003,local
Owned Land Holdings,4500,29003,local
Rented Land Holdings,40,29003,local
Other Tenure Land,17,29002,local
Owned Land Holdings,4500,29002,local
Rented Land Holdings,40,29002,local
Other Tenure Land,17,29004,local
Owned Land Holdings,4500,29004,local
Rented Land Holdings,40,29004,local
Other Tenure Land,72,65,district
Owned Land Holdings,25663,65,district
Rented Land Holdings,891,65,district
Other Tenure Land,72,20008,local
Owned Land Holdings,25663,20008,local
Rented Land Holdings,891,20008,local
Other Tenure Land,72,20007,local
Owned Land Holdings,25663,20007,local
Rented Land Holdings,891,20007,local
Other Tenure Land,72,20004,local
Owned Land Holdings,25663,20004,local
Rented Land Holdings,891,20004,local
Other Tenure Land,72,20006,local
Owned Land Holdings,25663,20006,local
Rented Land Holdings,891,20006,local
Other Tenure Land,72,20001,local
Owned Land Holdings,25663,20001,local
Rented Land Holdings,891,20001,local
Other Tenure Land,72,20002,local
Owned Land Holdings,25663,20002,local
Rented Land Holdings,891,20002,local
Other Tenure Land,72,20009,local
Owned Land Holdings,25663,20009,local
Rented Land Holdings,891,20009,local
Other Tenure Land,72,20003,local
Owned Land Holdings,25663,20003,local
Rented Land Holdings,891,20003,local
Other Tenure Land,72,20005,local
Owned Land Holdings,25663,20005,local
Rented Land Holdings,891,20005,local
Other Tenure Land,24,66,district
Owned Land Holdings,32825,66,district
Rented Land Holdings,1933,66,district
Other Tenure Land,24,23011,local
Owned Land Holdings,32825,23011,local
Rented Land Holdings,1933,23011,local
Other Tenure Land,24,23008,local
Owned Land Holdings,32825,23008,local
Rented Land Holdings,1933,23008,local
Other Tenure Land,24,23007,local
Owned Land Holdings,32825,23007,local
Rented Land Holdings,1933,23007,local
Other Tenure Land,24,23006,local
Owned Land Holdings,32825,23006,local
Rented Land Holdings,1933,23006,local
Other Tenure Land,24,23004,local
Owned Land Holdings,32825,23004,local
Rented Land Holdings,1933,23004,local
Other Tenure Land,24,23003,local
Owned Land Holdings,32825,23003,local
Rented Land Holdings,1933,23003,local
Other Tenure Land,24,23005,local
Owned Land Holdings,32825,23005,local
Rented Land Holdings,1933,23005,local
Other Tenure Land,24,23001,local
Owned Land Holdings,32825,23001,local
Rented Land Holdings,1933,23001,local
Other Tenure Land,24,23009,local
Owned Land Holdings,32825,23009,local
Rented Land Holdings,1933,23009,local
Other Tenure Land,24,23012,local
Owned Land Holdings,32825,23012,local
Rented Land Holdings,1933,23012,local
Other Tenure Land,24,23002,local
Owned Land Holdings,32825,23002,local
Rented Land Holdings,1933,23002,local
Other Tenure Land,24,23010,local
Owned Land Holdings,32825,23010,local
Rented Land Holdings,1933,23010,local
Other Tenure Land,260,12,district
Owned Land Holdings,31371,12,district
Rented Land Holdings,9000,12,district
Other Tenure Land,260,35002,local
Owned Land Holdings,31371,35002,local
Rented Land Holdings,9000,35002,local
Other Tenure Land,260,35006,local
Owned Land Holdings,31371,35006,local
Rented Land Holdings,9000,35006,local
Other Tenure Land,260,35004,local
Owned Land Holdings,31371,35004,local
Rented Land Holdings,9000,35004,local
Other Tenure Land,260,35007,local
Owned Land Holdings,31371,35007,local
Rented Land Holdings,9000,35007,local
Other Tenure Land,260,35003,local
Owned Land Holdings,31371,35003,local
Rented Land Holdings,9000,35003,local
Other Tenure Land,260,35001,local
Owned Land Holdings,31371,35001,local
Rented Land Holdings,9000,35001,local
Other Tenure Land,260,35005,local
Owned Land Holdings,31371,35005,local
Rented Land Holdings,9000,35005,local
Other Tenure Land,314,38,district
Owned Land Holdings,8418,38,district
Rented Land Holdings,569,38,district
Other Tenure Land,314,25005,local
Owned Land Holdings,8418,25005,local
Rented Land Holdings,569,25005,local
Other Tenure Land,314,25002,local
Owned Land Holdings,8418,25002,local
Rented Land Holdings,569,25002,local
Other Tenure Land,314,25001,local
Owned Land Holdings,8418,25001,local
Rented Land Holdings,569,25001,local
Other Tenure Land,314,25003,local
Owned Land Holdings,8418,25003,local
Rented Land Holdings,569,25003,local
Other Tenure Land,314,25006,local
Owned Land Holdings,8418,25006,local
Rented Land Holdings,569,25006,local
Other Tenure Land,314,25004,local
Owned Land Holdings,8418,25004,local
Rented Land Holdings,569,25004,local
Other Tenure Land,37,10,district
Owned Land Holdings,4567,10,district
Rented Land Holdings,1078,10,district
Other Tenure Land,37,26004,local
Owned Land Holdings,4567,26004,local
Rented Land Holdings,1078,26004,local
Other Tenure Land,37,26002,local
Owned Land Holdings,4567,26002,local
Rented Land Holdings,1078,26002,local
Other Tenure Land,37,26003,local
Owned Land Holdings,4567,26003,local
Rented Land Holdings,1078,26003,local
Other Tenure Land,37,26001,local
Owned Land Holdings,4567,26001,local
Rented Land Holdings,1078,26001,local
Other Tenure Land,31,20,district
Owned Land Holdings,24600,20,district
Rented Land Holdings,2214,20,district
Other Tenure Land,31,22003,local
Owned Land Holdings,24600,22003,local
Rented Land Holdings,2214,22003,local
Other Tenure Land,31,22008,local
Owned Land Holdings,24600,22008,local
Rented Land Holdings,2214,22008,local
Other Tenure Land,31,22009,local
Owned Land Holdings,24600,22009,local
Rented Land Holdings,2214,22009,local
Other Tenure Land,31,22002,local
Owned Land Holdings,24600,22002,local
Rented Land Holdings,2214,22002,local
Other Tenure Land,31,22004,local
Owned Land Holdings,24600,22004,local
Rented Land Holdings,2214,22004,local
Other Tenure Land,31,22006,local
Owned Land Holdings,24600,22006,local
Rented Land Holdings,2214,22006,local
Other Tenure Land,31,22005,local
Owned Land Holdings,24600,22005,local
Rented Land Holdings,2214,22005,local
Other Tenure Land,31,22007,local
Owned Land Holdings,24600,22007,local
Rented Land Holdings,2214,22007,local
Other Tenure Land,31,22001,local
Owned Land Holdings,24600,22001,local
Rented Land Holdings,2214,22001,local
Other Tenure Land,164,41,district
Owned Land Holdings,30230,41,district
Rented Land Holdings,1409,41,district
Other Tenure Land,164,31010,local
Owned Land Holdings,30230,31010,local
Rented Land Holdings,1409,31010,local
Other Tenure Land,164,31006,local
Owned Land Holdings,30230,31006,local
Rented Land Holdings,1409,31006,local
Other Tenure Land,164,31003,local
Owned Land Holdings,30230,31003,local
Rented Land Holdings,1409,31003,local
Other Tenure Land,164,31001,local
Owned Land Holdings,30230,31001,local
Rented Land Holdings,1409,31001,local
Other Tenure Land,164,31005,local
Owned Land Holdings,30230,31005,local
Rented Land Holdings,1409,31005,local
Other Tenure Land,164,31002,local
Owned Land Holdings,30230,31002,local
Rented Land Holdings,1409,31002,local
Other Tenure Land,164,31008,local
Owned Land Holdings,30230,31008,local
Rented Land Holdings,1409,31008,local
Other Tenure Land,164,31009,local
Owned Land Holdings,30230,31009,local
Rented Land Holdings,1409,31009,local
Other Tenure Land,164,31007,local
Owned Land Holdings,30230,31007,local
Rented Land Holdings,1409,31007,local
Other Tenure Land,164,31004,local
Owned Land Holdings,30230,31004,local
Rented Land Holdings,1409,31004,local
Other Tenure Land,530,36,district
Owned Land Holdings,36791,36,district
Rented Land Holdings,2386,36,district
Other Tenure Land,530,24001,local
Owned Land Holdings,36791,24001,local
Rented Land Holdings,2386,24001,local
Other Tenure Land,530,24011,local
Owned Land Holdings,36791,24011,local
Rented Land Holdings,2386,24011,local
Other Tenure Land,530,24007,local
Owned Land Holdings,36791,24007,local
Rented Land Holdings,2386,24007,local
Other Tenure Land,530,24010,local
Owned Land Holdings,36791,24010,local
Rented Land Holdings,2386,24010,local
Other Tenure Land,530,24008,local
Owned Land Holdings,36791,24008,local
Rented Land Holdings,2386,24008,local
Other Tenure Land,530,24002,local
Owned Land Holdings,36791,24002,local
Rented Land Holdings,2386,24002,local
Other Tenure Land,530,24012,local
Owned Land Holdings,36791,24012,local
Rented Land Holdings,2386,24012,local
Other Tenure Land,530,24005,local
Owned Land Holdings,36791,24005,local
Rented Land Holdings,2386,24005,local
Other Tenure Land,530,24006,local
Owned Land Holdings,36791,24006,local
Rented Land Holdings,2386,24006,local
Other Tenure Land,530,24009,local
Owned Land Holdings,36791,24009,local
Rented Land Holdings,2386,24009,local
Other Tenure Land,530,24004,local
Owned Land Holdings,36791,24004,local
Rented Land Holdings,2386,24004,local
Other Tenure Land,530,24013,local
Owned Land Holdings,36791,24013,local
Rented Land Holdings,2386,24013,local
Other Tenure Land,530,24003,local
Owned Land Holdings,36791,24003,local
Rented Land Holdings,2386,24003,local
Other Tenure Land,49,35,district
Owned Land Holdings,8655,35,district
Rented Land Holdings,892,35,district
Other Tenure Land,49,27006,local
Owned Land Holdings,8655,27006,local
Rented Land Holdings,892,27006,local
Other Tenure Land,49,27002,local
Owned Land Holdings,8655,27002,local
Rented Land Holdings,892,27002,local
Other Tenure Land,49,27005,local
Owned Land Holdings,8655,27005,local
Rented Land Holdings,892,27005,local
Other Tenure Land,49,27001,local
Owned Land Holdings,8655,27001,local
Rented Land Holdings,892,27001,local
Other Tenure Land,49,27004,local
Owned Land Holdings,8655,27004,local
Rented Land Holdings,892,27004,local
Other Tenure Land,49,27003,local
Owned Land Holdings,8655,27003,local
Rented Land Holdings,892,27003,local
Other Tenure Land,49,27008,local
Owned Land Holdings,8655,27008,local
Rented Land Holdings,892,27008,local
Other Tenure Land,49,27009,local
Owned Land Holdings,8655,27009,local
Rented Land Holdings,892,27009,local
Other Tenure Land,49,27007,local
Owned Land Holdings,8655,27007,local
Rented Land Holdings,892,27007,local
Other Tenure Land,49,27010,local
Owned Land Holdings,8655,27010,local
Rented Land Holdings,892,27010,local
Other Tenure Land,49,27011,local
Owned Land Holdings,8655,27011,local
Rented Land Holdings,892,27011,local
Other Tenure Land,38,55,district
Owned Land Holdings,29704,55,district
Rented Land Holdings,630,55,district
Other Tenure Land,38,21008,local
Owned Land Holdings,29704,21008,local
Rented Land Holdings,630,21008,local
Other Tenure Land,38,21005,local
Owned Land Holdings,29704,21005,local
Rented Land Holdings,630,21005,local
Other Tenure Land,38,21001,local
Owned Land Holdings,29704,21001,local
Rented Land Holdings,630,21001,local
Other Tenure Land,38,21002,local
Owned Land Holdings,29704,21002,local
Rented Land Holdings,630,21002,local
Other Tenure Land,38,21007,local
Owned Land Holdings,29704,21007,local
Rented Land Holdings,630,21007,local
Other Tenure Land,38,21004,local
Owned Land Holdings,29704,21004,local
Rented Land Holdings,630,21004,local
Other Tenure Land,38,21003,local
Owned Land Holdings,29704,21003,local
Rented Land Holdings,630,21003,local
Other Tenure Land,38,21006,local
Owned Land Holdings,29704,21006,local
Rented Land Holdings,630,21006,local
Other Tenure Land,10,48,district
Owned Land Holdings,32168,48,district
Rented Land Holdings,819,48,district
Other Tenure Land,10,28009,local
Owned Land Holdings,32168,28009,local
Rented Land Holdings,819,28009,local
Other Tenure Land,10,28002,local
Owned Land Holdings,32168,28002,local
Rented Land Holdings,819,28002,local
Other Tenure Land,10,28008,local
Owned Land Holdings,32168,28008,local
Rented Land Holdings,819,28008,local
Other Tenure Land,10,28006,local
Owned Land Holdings,32168,28006,local
Rented Land Holdings,819,28006,local
Other Tenure Land,10,28011,local
Owned Land Holdings,32168,28011,local
Rented Land Holdings,819,28011,local
Other Tenure Land,10,28012,local
Owned Land Holdings,32168,28012,local
Rented Land Holdings,819,28012,local
Other Tenure Land,10,28003,local
Owned Land Holdings,32168,28003,local
Rented Land Holdings,819,28003,local
Other Tenure Land,10,28005,local
Owned Land Holdings,32168,28005,local
Rented Land Holdings,819,28005,local
Other Tenure Land,10,28010,local
Owned Land Holdings,32168,28010,local
Rented Land Holdings,819,28010,local
Other Tenure Land,10,28007,local
Owned Land Holdings,32168,28007,local
Rented Land Holdings,819,28007,local
Other Tenure Land,10,28001,local
Owned Land Holdings,32168,28001,local
Rented Land Holdings,819,28001,local
Other Tenure Land,10,28004,local
Owned Land Holdings,32168,28004,local
Rented Land Holdings,819,28004,local
Other Tenure Land,34,17,district
Owned Land Holdings,34541,17,district
Rented Land Holdings,822,17,district
Other Tenure Land,34,30010,local
Owned Land Holdings,34541,30010,local
Rented Land Holdings,822,30010,local
Other Tenure Land,34,30007,local
Owned Land Holdings,34541,30007,local
Rented Land Holdings,822,30007,local
Other Tenure Land,34,30004,local
Owned Land Holdings,34541,30004,local
Rented Land Holdings,822,30004,local
Other Tenure Land,34,30009,local
Owned Land Holdings,34541,30009,local
Rented Land Holdings,822,30009,local
Other Tenure Land,34,30011,local
Owned Land Holdings,34541,30011,local
Rented Land Holdings,822,30011,local
Other Tenure Land,34,30005,local
Owned Land Holdings,34541,30005,local
Rented Land Holdings,822,30005,local
Other Tenure Land,34,30008,local
Owned Land Holdings,34541,30008,local
Rented Land Holdings,822,30008,local
Other Tenure Land,34,30003,local
Owned Land Holdings,34541,30003,local
Rented Land Holdings,822,30003,local
Other Tenure Land,34,30006,local
Owned Land Holdings,34541,30006,local
Rented Land Holdings,822,30006,local
Other Tenure Land,34,30013,local
Owned Land Holdings,34541,30013,local
Rented Land Holdings,822,30013,local
Other Tenure Land,34,30002,local
Owned Land Holdings,34541,30002,local
Rented Land Holdings,822,30002,local
Other Tenure Land,34,30012,local
Owned Land Holdings,34541,30012,local
Rented Land Holdings,822,30012,local
Other Tenure Land,34,30001,local
Owned Land Holdings,34541,30001,local
Rented Land Holdings,822,30001,local
Other Tenure Land,2189,5,province
Owned Land Holdings,415144,5,province
Rented Land Holdings,67345,5,province
Other Tenure Land,69,24,district
Owned Land Holdings,39447,24,district
Rented Land Holdings,1394,24,district
Other Tenure Land,69,46006,local
Owned Land Holdings,39447,46006,local
Rented Land Holdings,1394,46006,local
Other Tenure Land,69,46001,local
Owned Land Holdings,39447,46001,local
Rented Land Holdings,1394,46001,local
Other Tenure Land,69,46010,local
Owned Land Holdings,39447,46010,local
Rented Land Holdings,1394,46010,local
Other Tenure Land,69,46008,local
Owned Land Holdings,39447,46008,local
Rented Land Holdings,1394,46008,local
Other Tenure Land,69,46011,local
Owned Land Holdings,39447,46011,local
Rented Land Holdings,1394,46011,local
Other Tenure Land,69,46012,local
Owned Land Holdings,39447,46012,local
Rented Land Holdings,1394,46012,local
Other Tenure Land,69,46003,local
Owned Land Holdings,39447,46003,local
Rented Land Holdings,1394,46003,local
Other Tenure Land,69,46002,local
Owned Land Holdings,39447,46002,local
Rented Land Holdings,1394,46002,local
Other Tenure Land,69,46004,local
Owned Land Holdings,39447,46004,local
Rented Land Holdings,1394,46004,local
Other Tenure Land,69,46007,local
Owned Land Holdings,39447,46007,local
Rented Land Holdings,1394,46007,local
Other Tenure Land,69,46009,local
Owned Land Holdings,39447,46009,local
Rented Land Holdings,1394,46009,local
Other Tenure Land,69,46005,local
Owned Land Holdings,39447,46005,local
Rented Land Holdings,1394,46005,local
Other Tenure Land,0,59,district
Owned Land Holdings,7840,59,district
Rented Land Holdings,118,59,district
Other Tenure Land,0,77001,local
Owned Land Holdings,7840,77001,local
Rented Land Holdings,118,77001,local
Other Tenure Land,0,77002,local
Owned Land Holdings,7840,77002,local
Rented Land Holdings,118,77002,local
Other Tenure Land,0,77003,local
Owned Land Holdings,7840,77003,local
Rented Land Holdings,118,77003,local
Other Tenure Land,49,54,district
Owned Land Holdings,25388,54,district
Rented Land Holdings,374,54,district
Other Tenure Land,49,52001,local
Owned Land Holdings,25388,52001,local
Rented Land Holdings,374,52001,local
Other Tenure Land,49,52004,local
Owned Land Holdings,25388,52004,local
Rented Land Holdings,374,52004,local
Other Tenure Land,49,52003,local
Owned Land Holdings,25388,52003,local
Rented Land Holdings,374,52003,local
Other Tenure Land,49,52005,local
Owned Land Holdings,25388,52005,local
Rented Land Holdings,374,52005,local
Other Tenure Land,49,52008,local
Owned Land Holdings,25388,52008,local
Rented Land Holdings,374,52008,local
Other Tenure Land,49,52002,local
Owned Land Holdings,25388,52002,local
Rented Land Holdings,374,52002,local
Other Tenure Land,49,52009,local
Owned Land Holdings,25388,52009,local
Rented Land Holdings,374,52009,local
Other Tenure Land,49,52007,local
Owned Land Holdings,25388,52007,local
Rented Land Holdings,374,52007,local
Other Tenure Land,49,52006,local
Owned Land Holdings,25388,52006,local
Rented Land Holdings,374,52006,local
Other Tenure Land,107,60,district
Owned Land Holdings,62797,60,district
Rented Land Holdings,8284,60,district
Other Tenure Land,107,49010,local
Owned Land Holdings,62797,49010,local
Rented Land Holdings,8284,49010,local
Other Tenure Land,107,49004,local
Owned Land Holdings,62797,49004,local
Rented Land Holdings,8284,49004,local
Other Tenure Land,107,49012,local
Owned Land Holdings,62797,49012,local
Rented Land Holdings,8284,49012,local
Other Tenure Land,107,49001,local
Owned Land Holdings,62797,49001,local
Rented Land Holdings,8284,49001,local
Other Tenure Land,107,49015,local
Owned Land Holdings,62797,49015,local
Rented Land Holdings,8284,49015,local
Other Tenure Land,107,49009,local
Owned Land Holdings,62797,49009,local
Rented Land Holdings,8284,49009,local
Other Tenure Land,107,49011,local
Owned Land Holdings,62797,49011,local
Rented Land Holdings,8284,49011,local
Other Tenure Land,107,49016,local
Owned Land Holdings,62797,49016,local
Rented Land Holdings,8284,49016,local
Other Tenure Land,107,49014,local
Owned Land Holdings,62797,49014,local
Rented Land Holdings,8284,49014,local
Other Tenure Land,107,49008,local
Owned Land Holdings,62797,49008,local
Rented Land Holdings,8284,49008,local
Other Tenure Land,107,49003,local
Owned Land Holdings,62797,49003,local
Rented Land Holdings,8284,49003,local
Other Tenure Land,107,49006,local
Owned Land Holdings,62797,49006,local
Rented Land Holdings,8284,49006,local
Other Tenure Land,107,49005,local
Owned Land Holdings,62797,49005,local
Rented Land Holdings,8284,49005,local
Other Tenure Land,107,49007,local
Owned Land Holdings,62797,49007,local
Rented Land Holdings,8284,49007,local
Other Tenure Land,107,49002,local
Owned Land Holdings,62797,49002,local
Rented Land Holdings,8284,49002,local
Other Tenure Land,107,49013,local
Owned Land Holdings,62797,49013,local
Rented Land Holdings,8284,49013,local
Other Tenure Land,132,76,district
Owned Land Holdings,30604,76,district
Rented Land Holdings,3754,76,district
Other Tenure Land,132,48004,local
Owned Land Holdings,30604,48004,local
Rented Land Holdings,3754,48004,local
Other Tenure Land,132,48002,local
Owned Land Holdings,30604,48002,local
Rented Land Holdings,3754,48002,local
Other Tenure Land,132,48005,local
Owned Land Holdings,30604,48005,local
Rented Land Holdings,3754,48005,local
Other Tenure Land,132,48001,local
Owned Land Holdings,30604,48001,local
Rented Land Holdings,3754,48001,local
Other Tenure Land,132,48006,local
Owned Land Holdings,30604,48006,local
Rented Land Holdings,3754,48006,local
Other Tenure Land,132,48007,local
Owned Land Holdings,30604,48007,local
Rented Land Holdings,3754,48007,local
Other Tenure Land,132,48003,local
Owned Land Holdings,30604,48003,local
Rented Land Holdings,3754,48003,local
Other Tenure Land,207,7,district
Owned Land Holdings,33271,7,district
Rented Land Holdings,10642,7,district
Other Tenure Land,207,57002,local
Owned Land Holdings,33271,57002,local
Rented Land Holdings,10642,57002,local
Other Tenure Land,207,57006,local
Owned Land Holdings,33271,57006,local
Rented Land Holdings,10642,57006,local
Other Tenure Land,207,57008,local
Owned Land Holdings,33271,57008,local
Rented Land Holdings,10642,57008,local
Other Tenure Land,207,57001,local
Owned Land Holdings,33271,57001,local
Rented Land Holdings,10642,57001,local
Other Tenure Land,207,57004,local
Owned Land Holdings,33271,57004,local
Rented Land Holdings,10642,57004,local
Other Tenure Land,207,57005,local
Owned Land Holdings,33271,57005,local
Rented Land Holdings,10642,57005,local
Other Tenure Land,207,57007,local
Owned Land Holdings,33271,57007,local
Rented Land Holdings,10642,57007,local
Other Tenure Land,207,57003,local
Owned Land Holdings,33271,57003,local
Rented Land Holdings,10642,57003,local
Other Tenure Land,270,50,district
Owned Land Holdings,28374,50,district
Rented Land Holdings,1341,50,district
Other Tenure Land,270,47007,local
Owned Land Holdings,28374,47007,local
Rented Land Holdings,1341,47007,local
Other Tenure Land,270,47005,local
Owned Land Holdings,28374,47005,local
Rented Land Holdings,1341,47005,local
Other Tenure Land,270,47010,local
Owned Land Holdings,28374,47010,local
Rented Land Holdings,1341,47010,local
Other Tenure Land,270,47003,local
Owned Land Holdings,28374,47003,local
Rented Land Holdings,1341,47003,local
Other Tenure Land,270,47008,local
Owned Land Holdings,28374,47008,local
Rented Land Holdings,1341,47008,local
Other Tenure Land,270,47006,local
Owned Land Holdings,28374,47006,local
Rented Land Holdings,1341,47006,local
Other Tenure Land,270,47001,local
Owned Land Holdings,28374,47001,local
Rented Land Holdings,1341,47001,local
Other Tenure Land,270,47009,local
Owned Land Holdings,28374,47009,local
Rented Land Holdings,1341,47009,local
Other Tenure Land,270,47002,local
Owned Land Holdings,28374,47002,local
Rented Land Holdings,1341,47002,local
Other Tenure Land,270,47004,local
Owned Land Holdings,28374,47004,local
Rented Land Holdings,1341,47004,local
Other Tenure Land,16,58,district
Owned Land Holdings,24747,58,district
Rented Land Holdings,90,58,district
Other Tenure Land,16,53008,local
Owned Land Holdings,24747,53008,local
Rented Land Holdings,90,53008,local
Other Tenure Land,16,53001,local
Owned Land Holdings,24747,53001,local
Rented Land Holdings,90,53001,local
Other Tenure Land,16,53003,local
Owned Land Holdings,24747,53003,local
Rented Land Holdings,90,53003,local
Other Tenure Land,16,53004,local
Owned Land Holdings,24747,53004,local
Rented Land Holdings,90,53004,local
Other Tenure Land,16,53010,local
Owned Land Holdings,24747,53010,local
Rented Land Holdings,90,53010,local
Other Tenure Land,16,53006,local
Owned Land Holdings,24747,53006,local
Rented Land Holdings,90,53006,local
Other Tenure Land,16,53009,local
Owned Land Holdings,24747,53009,local
Rented Land Holdings,90,53009,local
Other Tenure Land,16,53005,local
Owned Land Holdings,24747,53005,local
Rented Land Holdings,90,53005,local
Other Tenure Land,16,53002,local
Owned Land Holdings,24747,53002,local
Rented Land Holdings,90,53002,local
Other Tenure Land,16,53007,local
Owned Land Holdings,24747,53007,local
Rented Land Holdings,90,53007,local
Other Tenure Land,648,15,district
Owned Land Holdings,41953,15,district
Rented Land Holdings,19350,15,district
Other Tenure Land,648,56005,local
Owned Land Holdings,41953,56005,local
Rented Land Holdings,19350,56005,local
Other Tenure Land,648,56010,local
Owned Land Holdings,41953,56010,local
Rented Land Holdings,19350,56010,local
Other Tenure Land,648,56003,local
Owned Land Holdings,41953,56003,local
Rented Land Holdings,19350,56003,local
Other Tenure Land,648,56007,local
Owned Land Holdings,41953,56007,local
Rented Land Holdings,19350,56007,local
Other Tenure Land,648,56006,local
Owned Land Holdings,41953,56006,local
Rented Land Holdings,19350,56006,local
Other Tenure Land,648,56009,local
Owned Land Holdings,41953,56009,local
Rented Land Holdings,19350,56009,local
Other Tenure Land,648,56001,local
Owned Land Holdings,41953,56001,local
Rented Land Holdings,19350,56001,local
Other Tenure Land,648,56008,local
Owned Land Holdings,41953,56008,local
Rented Land Holdings,19350,56008,local
Other Tenure Land,648,56002,local
Owned Land Holdings,41953,56002,local
Rented Land Holdings,19350,56002,local
Other Tenure Land,648,56004,local
Owned Land Holdings,41953,56004,local
Rented Land Holdings,19350,56004,local
Other Tenure Land,10,2,district
Owned Land Holdings,31379,2,district
Rented Land Holdings,208,2,district
Other Tenure Land,10,51002,local
Owned Land Holdings,31379,51002,local
Rented Land Holdings,208,51002,local
Other Tenure Land,10,51003,local
Owned Land Holdings,31379,51003,local
Rented Land Holdings,208,51003,local
Other Tenure Land,10,51005,local
Owned Land Holdings,31379,51005,local
Rented Land Holdings,208,51005,local
Other Tenure Land,10,51001,local
Owned Land Holdings,31379,51001,local
Rented Land Holdings,208,51001,local
Other Tenure Land,10,51006,local
Owned Land Holdings,31379,51006,local
Rented Land Holdings,208,51006,local
Other Tenure Land,10,51004,local
Owned Land Holdings,31379,51004,local
Rented Land Holdings,208,51004,local
Other Tenure Land,200,9,district
Owned Land Holdings,31775,9,district
Rented Land Holdings,15258,9,district
Other Tenure Land,200,58007,local
Owned Land Holdings,31775,58007,local
Rented Land Holdings,15258,58007,local
Other Tenure Land,200,58001,local
Owned Land Holdings,31775,58001,local
Rented Land Holdings,15258,58001,local
Other Tenure Land,200,58008,local
Owned Land Holdings,31775,58008,local
Rented Land Holdings,15258,58008,local
Other Tenure Land,200,58004,local
Owned Land Holdings,31775,58004,local
Rented Land Holdings,15258,58004,local
Other Tenure Land,200,58002,local
Owned Land Holdings,31775,58002,local
Rented Land Holdings,15258,58002,local
Other Tenure Land,200,58005,local
Owned Land Holdings,31775,58005,local
Rented Land Holdings,15258,58005,local
Other Tenure Land,200,58006,local
Owned Land Holdings,31775,58006,local
Rented Land Holdings,15258,58006,local
Other Tenure Land,200,58003,local
Owned Land Holdings,31775,58003,local
Rented Land Holdings,15258,58003,local
Other Tenure Land,480,33,district
Owned Land Holdings,57567,33,district
Rented Land Holdings,6531,33,district
Other Tenure Land,480,50009,local
Owned Land Holdings,57567,50009,local
Rented Land Holdings,6531,50009,local
Other Tenure Land,480,50001,local
Owned Land Holdings,57567,50001,local
Rented Land Holdings,6531,50001,local
Other Tenure Land,480,50002,local
Owned Land Holdings,57567,50002,local
Rented Land Holdings,6531,50002,local
Other Tenure Land,480,50007,local
Owned Land Holdings,57567,50007,local
Rented Land Holdings,6531,50007,local
Other Tenure Land,480,50010,local
Owned Land Holdings,57567,50010,local
Rented Land Holdings,6531,50010,local
Other Tenure Land,480,50005,local
Owned Land Holdings,57567,50005,local
Rented Land Holdings,6531,50005,local
Other Tenure Land,480,50003,local
Owned Land Holdings,57567,50003,local
Rented Land Holdings,6531,50003,local
Other Tenure Land,480,50004,local
Owned Land Holdings,57567,50004,local
Rented Land Holdings,6531,50004,local
Other Tenure Land,480,50008,local
Owned Land Holdings,57567,50008,local
Rented Land Holdings,6531,50008,local
Other Tenure Land,480,50006,local
Owned Land Holdings,57567,50006,local
Rented Land Holdings,6531,50006,local
Other Tenure Land,690,4,province
Owned Land Holdings,188702,4,province
Rented Land Holdings,20406,4,province
Other Tenure Land,69,23,district
Owned Land Holdings,29315,23,district
Rented Land Holdings,2110,23,district
Other Tenure Land,69,36011,local
Owned Land Holdings,29315,36011,local
Rented Land Holdings,2110,36011,local
Other Tenure Land,69,36008,local
Owned Land Holdings,29315,36008,local
Rented Land Holdings,2110,36008,local
Other Tenure Land,69,36001,local
Owned Land Holdings,29315,36001,local
Rented Land Holdings,2110,36001,local
Other Tenure Land,69,36003,local
Owned Land Holdings,29315,36003,local
Rented Land Holdings,2110,36003,local
Other Tenure Land,69,36006,local
Owned Land Holdings,29315,36006,local
Rented Land Holdings,2110,36006,local
Other Tenure Land,69,36010,local
Owned Land Holdings,29315,36010,local
Rented Land Holdings,2110,36010,local
Other Tenure Land,69,36002,local
Owned Land Holdings,29315,36002,local
Rented Land Holdings,2110,36002,local
Other Tenure Land,69,36007,local
Owned Land Holdings,29315,36007,local
Rented Land Holdings,2110,36007,local
Other Tenure Land,69,36004,local
Owned Land Holdings,29315,36004,local
Rented Land Holdings,2110,36004,local
Other Tenure Land,69,36005,local
Owned Land Holdings,29315,36005,local
Rented Land Holdings,2110,36005,local
Other Tenure Land,69,36009,local
Owned Land Holdings,29315,36009,local
Rented Land Holdings,2110,36009,local
Other Tenure Land,31,3,district
Owned Land Holdings,29816,3,district
Rented Land Holdings,839,3,district
Other Tenure Land,31,45008,local
Owned Land Holdings,29816,45008,local
Rented Land Holdings,839,45008,local
Other Tenure Land,31,45007,local
Owned Land Holdings,29816,45007,local
Rented Land Holdings,839,45007,local
Other Tenure Land,31,45005,local
Owned Land Holdings,29816,45005,local
Rented Land Holdings,839,45005,local
Other Tenure Land,31,45001,local
Owned Land Holdings,29816,45001,local
Rented Land Holdings,839,45001,local
Other Tenure Land,31,45002,local
Owned Land Holdings,29816,45002,local
Rented Land Holdings,839,45002,local
Other Tenure Land,31,45003,local
Owned Land Holdings,29816,45003,local
Rented Land Holdings,839,45003,local
Other Tenure Land,31,45009,local
Owned Land Holdings,29816,45009,local
Rented Land Holdings,839,45009,local
Other Tenure Land,31,45004,local
Owned Land Holdings,29816,45004,local
Rented Land Holdings,839,45004,local
Other Tenure Land,31,45010,local
Owned Land Holdings,29816,45010,local
Rented Land Holdings,839,45010,local
Other Tenure Land,31,45006,local
Owned Land Holdings,29816,45006,local
Rented Land Holdings,839,45006,local
Other Tenure Land,92,71,district
Owned Land Holdings,26977,71,district
Rented Land Holdings,2381,71,district
Other Tenure Land,92,39008,local
Owned Land Holdings,26977,39008,local
Rented Land Holdings,2381,39008,local
Other Tenure Land,92,39005,local
Owned Land Holdings,26977,39005,local
Rented Land Holdings,2381,39005,local
Other Tenure Land,92,39009,local
Owned Land Holdings,26977,39009,local
Rented Land Holdings,2381,39009,local
Other Tenure Land,92,39001,local
Owned Land Holdings,26977,39001,local
Rented Land Holdings,2381,39001,local
Other Tenure Land,92,39004,local
Owned Land Holdings,26977,39004,local
Rented Land Holdings,2381,39004,local
Other Tenure Land,92,39003,local
Owned Land Holdings,26977,39003,local
Rented Land Holdings,2381,39003,local
Other Tenure Land,92,39011,local
Owned Land Holdings,26977,39011,local
Rented Land Holdings,2381,39011,local
Other Tenure Land,92,39006,local
Owned Land Holdings,26977,39006,local
Rented Land Holdings,2381,39006,local
Other Tenure Land,92,39002,local
Owned Land Holdings,26977,39002,local
Rented Land Holdings,2381,39002,local
Other Tenure Land,92,39010,local
Owned Land Holdings,26977,39010,local
Rented Land Holdings,2381,39010,local
Other Tenure Land,92,39007,local
Owned Land Holdings,26977,39007,local
Rented Land Holdings,2381,39007,local
Other Tenure Land,312,47,district
Owned Land Holdings,16520,47,district
Rented Land Holdings,4802,47,district
Other Tenure Land,312,76004,local
Owned Land Holdings,16520,76004,local
Rented Land Holdings,4802,76004,local
Other Tenure Land,312,76002,local
Owned Land Holdings,16520,76002,local
Rented Land Holdings,4802,76002,local
Other Tenure Land,312,76007,local
Owned Land Holdings,16520,76007,local
Rented Land Holdings,4802,76007,local
Other Tenure Land,312,76008,local
Owned Land Holdings,16520,76008,local
Rented Land Holdings,4802,76008,local
Other Tenure Land,312,76001,local
Owned Land Holdings,16520,76001,local
Rented Land Holdings,4802,76001,local
Other Tenure Land,312,76005,local
Owned Land Holdings,16520,76005,local
Rented Land Holdings,4802,76005,local
Other Tenure Land,312,76006,local
Owned Land Holdings,16520,76006,local
Rented Land Holdings,4802,76006,local
Other Tenure Land,312,76003,local
Owned Land Holdings,16520,76003,local
Rented Land Holdings,4802,76003,local
Other Tenure Land,16,46,district
Owned Land Holdings,11433,46,district
Rented Land Holdings,909,46,district
Other Tenure Land,16,43003,local
Owned Land Holdings,11433,43003,local
Rented Land Holdings,909,43003,local
Other Tenure Land,16,43002,local
Owned Land Holdings,11433,43002,local
Rented Land Holdings,909,43002,local
Other Tenure Land,16,43004,local
Owned Land Holdings,11433,43004,local
Rented Land Holdings,909,43004,local
Other Tenure Land,16,43001,local
Owned Land Holdings,11433,43001,local
Rented Land Holdings,909,43001,local
Other Tenure Land,16,43005,local
Owned Land Holdings,11433,43005,local
Rented Land Holdings,909,43005,local
Other Tenure Land,16,43006,local
Owned Land Holdings,11433,43006,local
Rented Land Holdings,909,43006,local
Other Tenure Land,18,39,district
Owned Land Holdings,14947,39,district
Rented Land Holdings,2300,39,district
Other Tenure Land,18,37005,local
Owned Land Holdings,14947,37005,local
Rented Land Holdings,2300,37005,local
Other Tenure Land,18,37007,local
Owned Land Holdings,14947,37007,local
Rented Land Holdings,2300,37007,local
Other Tenure Land,18,37001,local
Owned Land Holdings,14947,37001,local
Rented Land Holdings,2300,37001,local
Other Tenure Land,18,37006,local
Owned Land Holdings,14947,37006,local
Rented Land Holdings,2300,37006,local
Other Tenure Land,18,37008,local
Owned Land Holdings,14947,37008,local
Rented Land Holdings,2300,37008,local
Other Tenure Land,18,37004,local
Owned Land Holdings,14947,37004,local
Rented Land Holdings,2300,37004,local
Other Tenure Land,18,37003,local
Owned Land Holdings,14947,37003,local
Rented Land Holdings,2300,37003,local
Other Tenure Land,18,37002,local
Owned Land Holdings,14947,37002,local
Rented Land Holdings,2300,37002,local
Other Tenure Land,114,34,district
Owned Land Holdings,19306,34,district
Rented Land Holdings,4019,34,district
Other Tenure Land,114,40005,local
Owned Land Holdings,19306,40005,local
Rented Land Holdings,4019,40005,local
Other Tenure Land,114,40001,local
Owned Land Holdings,19306,40001,local
Rented Land Holdings,4019,40001,local
Other Tenure Land,114,40003,local
Owned Land Holdings,19306,40003,local
Rented Land Holdings,4019,40003,local
Other Tenure Land,114,40002,local
Owned Land Holdings,19306,40002,local
Rented Land Holdings,4019,40002,local
Other Tenure Land,114,40004,local
Owned Land Holdings,19306,40004,local
Rented Land Holdings,4019,40004,local
Other Tenure Land,1,42,district
Owned Land Holdings,420,42,district
Rented Land Holdings,53,42,district
Other Tenure Land,1,41003,local
Owned Land Holdings,420,41003,local
Rented Land Holdings,53,41003,local
Other Tenure Land,1,41001,local
Owned Land Holdings,420,41001,local
Rented Land Holdings,53,41001,local
Other Tenure Land,1,41004,local
Owned Land Holdings,420,41004,local
Rented Land Holdings,53,41004,local
Other Tenure Land,1,41002,local
Owned Land Holdings,420,41002,local
Rented Land Holdings,53,41002,local
Other Tenure Land,24,72,district
Owned Land Holdings,26975,72,district
Rented Land Holdings,2023,72,district
Other Tenure Land,24,38006,local
Owned Land Holdings,26975,38006,local
Rented Land Holdings,2023,38006,local
Other Tenure Land,24,38009,local
Owned Land Holdings,26975,38009,local
Rented Land Holdings,2023,38009,local
Other Tenure Land,24,38001,local
Owned Land Holdings,26975,38001,local
Rented Land Holdings,2023,38001,local
Other Tenure Land,24,38004,local
Owned Land Holdings,26975,38004,local
Rented Land Holdings,2023,38004,local
Other Tenure Land,24,38003,local
Owned Land Holdings,26975,38003,local
Rented Land Holdings,2023,38003,local
Other Tenure Land,24,38002,local
Owned Land Holdings,26975,38002,local
Rented Land Holdings,2023,38002,local
Other Tenure Land,24,38007,local
Owned Land Holdings,26975,38007,local
Rented Land Holdings,2023,38007,local
Other Tenure Land,24,38010,local
Owned Land Holdings,26975,38010,local
Rented Land Holdings,2023,38010,local
Other Tenure Land,24,38005,local
Owned Land Holdings,26975,38005,local
Rented Land Holdings,2023,38005,local
Other Tenure Land,24,38008,local
Owned Land Holdings,26975,38008,local
Rented Land Holdings,2023,38008,local
Other Tenure Land,11,45,district
Owned Land Holdings,1202,45,district
Rented Land Holdings,161,45,district
Other Tenure Land,11,42001,local
Owned Land Holdings,1202,42001,local
Rented Land Holdings,161,42001,local
Other Tenure Land,11,42004,local
Owned Land Holdings,1202,42004,local
Rented Land Holdings,161,42004,local
Other Tenure Land,11,42005,local
Owned Land Holdings,1202,42005,local
Rented Land Holdings,161,42005,local
Other Tenure Land,11,42002,local
Owned Land Holdings,1202,42002,local
Rented Land Holdings,161,42002,local
Other Tenure Land,11,42003,local
Owned Land Holdings,1202,42003,local
Rented Land Holdings,161,42003,local
Other Tenure Land,2,52,district
Owned Land Holdings,11790,52,district
Rented Land Holdings,808,52,district
Other Tenure Land,2,44004,local
Owned Land Holdings,11790,44004,local
Rented Land Holdings,808,44004,local
Other Tenure Land,2,44006,local
Owned Land Holdings,11790,44006,local
Rented Land Holdings,808,44006,local
Other Tenure Land,2,44002,local
Owned Land Holdings,11790,44002,local
Rented Land Holdings,808,44002,local
Other Tenure Land,2,44007,local
Owned Land Holdings,11790,44007,local
Rented Land Holdings,808,44007,local
Other Tenure Land,2,44003,local
Owned Land Holdings,11790,44003,local
Rented Land Holdings,808,44003,local
Other Tenure Land,2,44001,local
Owned Land Holdings,11790,44001,local
Rented Land Holdings,808,44001,local
Other Tenure Land,2,44005,local
Owned Land Holdings,11790,44005,local
Rented Land Holdings,808,44005,local
Other Tenure Land,977,2,province
Owned Land Holdings,494211,2,province
Rented Land Holdings,46080,2,province
Other Tenure Land,170,64,district
Owned Land Holdings,73581,64,district
Rented Land Holdings,6927,64,district
Other Tenure Land,170,19020,local
Owned Land Holdings,73581,19020,local
Rented Land Holdings,6927,19020,local
Other Tenure Land,170,19005,local
Owned Land Holdings,73581,19005,local
Rented Land Holdings,6927,19005,local
Other Tenure Land,170,19008,local
Owned Land Holdings,73581,19008,local
Rented Land Holdings,6927,19008,local
Other Tenure Land,170,19016,local
Owned Land Holdings,73581,19016,local
Rented Land Holdings,6927,19016,local
Other Tenure Land,170,19012,local
Owned Land Holdings,73581,19012,local
Rented Land Holdings,6927,19012,local
Other Tenure Land,170,19009,local
Owned Land Holdings,73581,19009,local
Rented Land Holdings,6927,19009,local
Other Tenure Land,170,19010,local
Owned Land Holdings,73581,19010,local
Rented Land Holdings,6927,19010,local
Other Tenure Land,170,19013,local
Owned Land Holdings,73581,19013,local
Rented Land Holdings,6927,19013,local
Other Tenure Land,170,19007,local
Owned Land Holdings,73581,19007,local
Rented Land Holdings,6927,19007,local
Other Tenure Land,170,19017,local
Owned Land Holdings,73581,19017,local
Rented Land Holdings,6927,19017,local
Other Tenure Land,170,19018,local
Owned Land Holdings,73581,19018,local
Rented Land Holdings,6927,19018,local
Other Tenure Land,170,19011,local
Owned Land Holdings,73581,19011,local
Rented Land Holdings,6927,19011,local
Other Tenure Land,170,19001,local
Owned Land Holdings,73581,19001,local
Rented Land Holdings,6927,19001,local
Other Tenure Land,170,19014,local
Owned Land Holdings,73581,19014,local
Rented Land Holdings,6927,19014,local
Other Tenure Land,170,19015,local
Owned Land Holdings,73581,19015,local
Rented Land Holdings,6927,19015,local
Other Tenure Land,170,19003,local
Owned Land Holdings,73581,19003,local
Rented Land Holdings,6927,19003,local
Other Tenure Land,170,19004,local
Owned Land Holdings,73581,19004,local
Rented Land Holdings,6927,19004,local
Other Tenure Land,170,19019,local
Owned Land Holdings,73581,19019,local
Rented Land Holdings,6927,19019,local
Other Tenure Land,170,19006,local
Owned Land Holdings,73581,19006,local
Rented Land Holdings,6927,19006,local
Other Tenure Land,170,19002,local
Owned Land Holdings,73581,19002,local
Rented Land Holdings,6927,19002,local
Other Tenure Land,102,67,district
Owned Land Holdings,72585,67,district
Rented Land Holdings,6110,67,district
Other Tenure Land,102,16011,local
Owned Land Holdings,72585,16011,local
Rented Land Holdings,6110,16011,local
Other Tenure Land,102,16007,local
Owned Land Holdings,72585,16007,local
Rented Land Holdings,6110,16007,local
Other Tenure Land,102,16015,local
Owned Land Holdings,72585,16015,local
Rented Land Holdings,6110,16015,local
Other Tenure Land,102,16010,local
Owned Land Holdings,72585,16010,local
Rented Land Holdings,6110,16010,local
Other Tenure Land,102,16008,local
Owned Land Holdings,72585,16008,local
Rented Land Holdings,6110,16008,local
Other Tenure Land,102,16009,local
Owned Land Holdings,72585,16009,local
Rented Land Holdings,6110,16009,local
Other Tenure Land,102,16014,local
Owned Land Holdings,72585,16014,local
Rented Land Holdings,6110,16014,local
Other Tenure Land,102,16003,local
Owned Land Holdings,72585,16003,local
Rented Land Holdings,6110,16003,local
Other Tenure Land,102,16004,local
Owned Land Holdings,72585,16004,local
Rented Land Holdings,6110,16004,local
Other Tenure Land,102,16005,local
Owned Land Holdings,72585,16005,local
Rented Land Holdings,6110,16005,local
Other Tenure Land,102,16001,local
Owned Land Holdings,72585,16001,local
Rented Land Holdings,6110,16001,local
Other Tenure Land,102,16006,local
Owned Land Holdings,72585,16006,local
Rented Land Holdings,6110,16006,local
Other Tenure Land,102,16012,local
Owned Land Holdings,72585,16012,local
Rented Land Holdings,6110,16012,local
Other Tenure Land,102,16013,local
Owned Land Holdings,72585,16013,local
Rented Land Holdings,6110,16013,local
Other Tenure Land,102,16016,local
Owned Land Holdings,72585,16016,local
Rented Land Holdings,6110,16016,local
Other Tenure Land,102,16002,local
Owned Land Holdings,72585,16002,local
Rented Land Holdings,6110,16002,local
Other Tenure Land,102,16017,local
Owned Land Holdings,72585,16017,local
Rented Land Holdings,6110,16017,local
Other Tenure Land,29,40,district
Owned Land Holdings,62239,40,district
Rented Land Holdings,2710,40,district
Other Tenure Land,29,18012,local
Owned Land Holdings,62239,18012,local
Rented Land Holdings,2710,18012,local
Other Tenure Land,29,18002,local
Owned Land Holdings,62239,18002,local
Rented Land Holdings,2710,18002,local
Other Tenure Land,29,18014,local
Owned Land Holdings,62239,18014,local
Rented Land Holdings,2710,18014,local
Other Tenure Land,29,18013,local
Owned Land Holdings,62239,18013,local
Rented Land Holdings,2710,18013,local
Other Tenure Land,29,18003,local
Owned Land Holdings,62239,18003,local
Rented Land Holdings,2710,18003,local
Other Tenure Land,29,18007,local
Owned Land Holdings,62239,18007,local
Rented Land Holdings,2710,18007,local
Other Tenure Land,29,18005,local
Owned Land Holdings,62239,18005,local
Rented Land Holdings,2710,18005,local
Other Tenure Land,29,18008,local
Owned Land Holdings,62239,18008,local
Rented Land Holdings,2710,18008,local
Other Tenure Land,29,18009,local
Owned Land Holdings,62239,18009,local
Rented Land Holdings,2710,18009,local
Other Tenure Land,29,18004,local
Owned Land Holdings,62239,18004,local
Rented Land Holdings,2710,18004,local
Other Tenure Land,29,18006,local
Owned Land Holdings,62239,18006,local
Rented Land Holdings,2710,18006,local
Other Tenure Land,29,18011,local
Owned Land Holdings,62239,18011,local
Rented Land Holdings,2710,18011,local
Other Tenure Land,29,18015,local
Owned Land Holdings,62239,18015,local
Rented Land Holdings,2710,18015,local
Other Tenure Land,29,18010,local
Owned Land Holdings,62239,18010,local
Rented Land Holdings,2710,18010,local
Other Tenure Land,29,18001,local
Owned Land Holdings,62239,18001,local
Rented Land Holdings,2710,18001,local
Other Tenure Land,26,53,district
Owned Land Holdings,40923,53,district
Rented Land Holdings,7949,53,district
Other Tenure Land,26,34008,local
Owned Land Holdings,40923,34008,local
Rented Land Holdings,7949,34008,local
Other Tenure Land,26,34006,local
Owned Land Holdings,40923,34006,local
Rented Land Holdings,7949,34006,local
Other Tenure Land,26,34005,local
Owned Land Holdings,40923,34005,local
Rented Land Holdings,7949,34005,local
Other Tenure Land,26,34007,local
Owned Land Holdings,40923,34007,local
Rented Land Holdings,7949,34007,local
Other Tenure Land,26,34003,local
Owned Land Holdings,40923,34003,local
Rented Land Holdings,7949,34003,local
Other Tenure Land,26,34011,local
Owned Land Holdings,40923,34011,local
Rented Land Holdings,7949,34011,local
Other Tenure Land,26,34012,local
Owned Land Holdings,40923,34012,local
Rented Land Holdings,7949,34012,local
Other Tenure Land,26,34002,local
Owned Land Holdings,40923,34002,local
Rented Land Holdings,7949,34002,local
Other Tenure Land,26,34014,local
Owned Land Holdings,40923,34014,local
Rented Land Holdings,7949,34014,local
Other Tenure Land,26,34004,local
Owned Land Holdings,40923,34004,local
Rented Land Holdings,7949,34004,local
Other Tenure Land,26,34001,local
Owned Land Holdings,40923,34001,local
Rented Land Holdings,7949,34001,local
Other Tenure Land,26,34010,local
Owned Land Holdings,40923,34010,local
Rented Land Holdings,7949,34010,local
Other Tenure Land,26,34013,local
Owned Land Holdings,40923,34013,local
Rented Land Holdings,7949,34013,local
Other Tenure Land,26,34009,local
Owned Land Holdings,40923,34009,local
Rented Land Holdings,7949,34009,local
Other Tenure Land,161,63,district
Owned Land Holdings,69003,63,district
Rented Land Holdings,4744,63,district
Other Tenure Land,161,15002,local
Owned Land Holdings,69003,15002,local
Rented Land Holdings,4744,15002,local
Other Tenure Land,161,15005,local
Owned Land Holdings,69003,15005,local
Rented Land Holdings,4744,15005,local
Other Tenure Land,161,15007,local
Owned Land Holdings,69003,15007,local
Rented Land Holdings,4744,15007,local
Other Tenure Land,161,15010,local
Owned Land Holdings,69003,15010,local
Rented Land Holdings,4744,15010,local
Other Tenure Land,161,15004,local
Owned Land Holdings,69003,15004,local
Rented Land Holdings,4744,15004,local
Other Tenure Land,161,15008,local
Owned Land Holdings,69003,15008,local
Rented Land Holdings,4744,15008,local
Other Tenure Land,161,15003,local
Owned Land Holdings,69003,15003,local
Rented Land Holdings,4744,15003,local
Other Tenure Land,161,15018,local
Owned Land Holdings,69003,15018,local
Rented Land Holdings,4744,15018,local
Other Tenure Land,161,15012,local
Owned Land Holdings,69003,15012,local
Rented Land Holdings,4744,15012,local
Other Tenure Land,161,15001,local
Owned Land Holdings,69003,15001,local
Rented Land Holdings,4744,15001,local
Other Tenure Land,161,15016,local
Owned Land Holdings,69003,15016,local
Rented Land Holdings,4744,15016,local
Other Tenure Land,161,15013,local
Owned Land Holdings,69003,15013,local
Rented Land Holdings,4744,15013,local
Other Tenure Land,161,15017,local
Owned Land Holdings,69003,15017,local
Rented Land Holdings,4744,15017,local
Other Tenure Land,161,15015,local
Owned Land Holdings,69003,15015,local
Rented Land Holdings,4744,15015,local
Other Tenure Land,161,15014,local
Owned Land Holdings,69003,15014,local
Rented Land Holdings,4744,15014,local
Other Tenure Land,161,15011,local
Owned Land Holdings,69003,15011,local
Rented Land Holdings,4744,15011,local
Other Tenure Land,161,15009,local
Owned Land Holdings,69003,15009,local
Rented Land Holdings,4744,15009,local
Other Tenure Land,161,15006,local
Owned Land Holdings,69003,15006,local
Rented Land Holdings,4744,15006,local
Other Tenure Land,73,57,district
Owned Land Holdings,59500,57,district
Rented Land Holdings,5262,57,district
Other Tenure Land,73,32002,local
Owned Land Holdings,59500,32002,local
Rented Land Holdings,5262,32002,local
Other Tenure Land,73,32001,local
Owned Land Holdings,59500,32001,local
Rented Land Holdings,5262,32001,local
Other Tenure Land,73,32005,local
Owned Land Holdings,59500,32005,local
Rented Land Holdings,5262,32005,local
Other Tenure Land,73,32003,local
Owned Land Holdings,59500,32003,local
Rented Land Holdings,5262,32003,local
Other Tenure Land,73,32010,local
Owned Land Holdings,59500,32010,local
Rented Land Holdings,5262,32010,local
Other Tenure Land,73,32015,local
Owned Land Holdings,59500,32015,local
Rented Land Holdings,5262,32015,local
Other Tenure Land,73,32011,local
Owned Land Holdings,59500,32011,local
Rented Land Holdings,5262,32011,local
Other Tenure Land,73,32006,local
Owned Land Holdings,59500,32006,local
Rented Land Holdings,5262,32006,local
Other Tenure Land,73,32016,local
Owned Land Holdings,59500,32016,local
Rented Land Holdings,5262,32016,local
Other Tenure Land,73,32017,local
Owned Land Holdings,59500,32017,local
Rented Land Holdings,5262,32017,local
Other Tenure Land,73,32018,local
Owned Land Holdings,59500,32018,local
Rented Land Holdings,5262,32018,local
Other Tenure Land,73,32007,local
Owned Land Holdings,59500,32007,local
Rented Land Holdings,5262,32007,local
Other Tenure Land,73,32014,local
Owned Land Holdings,59500,32014,local
Rented Land Holdings,5262,32014,local
Other Tenure Land,73,32004,local
Owned Land Holdings,59500,32004,local
Rented Land Holdings,5262,32004,local
Other Tenure Land,73,32009,local
Owned Land Holdings,59500,32009,local
Rented Land Holdings,5262,32009,local
Other Tenure Land,73,32012,local
Owned Land Holdings,59500,32012,local
Rented Land Holdings,5262,32012,local
Other Tenure Land,73,32013,local
Owned Land Holdings,59500,32013,local
Rented Land Holdings,5262,32013,local
Other Tenure Land,73,32008,local
Owned Land Holdings,59500,32008,local
Rented Land Holdings,5262,32008,local
Other Tenure Land,393,8,district
Owned Land Holdings,49012,8,district
Rented Land Holdings,7462,8,district
Other Tenure Land,393,33014,local
Owned Land Holdings,49012,33014,local
Rented Land Holdings,7462,33014,local
Other Tenure Land,393,33016,local
Owned Land Holdings,49012,33016,local
Rented Land Holdings,7462,33016,local
Other Tenure Land,393,33012,local
Owned Land Holdings,49012,33012,local
Rented Land Holdings,7462,33012,local
Other Tenure Land,393,33007,local
Owned Land Holdings,49012,33007,local
Rented Land Holdings,7462,33007,local
Other Tenure Land,393,33004,local
Owned Land Holdings,49012,33004,local
Rented Land Holdings,7462,33004,local
Other Tenure Land,393,33010,local
Owned Land Holdings,49012,33010,local
Rented Land Holdings,7462,33010,local
Other Tenure Land,393,33002,local
Owned Land Holdings,49012,33002,local
Rented Land Holdings,7462,33002,local
Other Tenure Land,393,33005,local
Owned Land Holdings,49012,33005,local
Rented Land Holdings,7462,33005,local
Other Tenure Land,393,33001,local
Owned Land Holdings,49012,33001,local
Rented Land Holdings,7462,33001,local
Other Tenure Land,393,33013,local
Owned Land Holdings,49012,33013,local
Rented Land Holdings,7462,33013,local
Other Tenure Land,393,33011,local
Owned Land Holdings,49012,33011,local
Rented Land Holdings,7462,33011,local
Other Tenure Land,393,33009,local
Owned Land Holdings,49012,33009,local
Rented Land Holdings,7462,33009,local
Other Tenure Land,393,33006,local
Owned Land Holdings,49012,33006,local
Rented Land Holdings,7462,33006,local
Other Tenure Land,393,33003,local
Owned Land Holdings,49012,33003,local
Rented Land Holdings,7462,33003,local
Other Tenure Land,393,33008,local
Owned Land Holdings,49012,33008,local
Rented Land Holdings,7462,33008,local
Other Tenure Land,393,33015,local
Owned Land Holdings,49012,33015,local
Rented Land Holdings,7462,33015,local
Other Tenure Land,24,19,district
Owned Land Holdings,67367,19,district
Rented Land Holdings,4916,19,district
Other Tenure Land,24,17013,local
Owned Land Holdings,67367,17013,local
Rented Land Holdings,4916,17013,local
Other Tenure Land,24,17017,local
Owned Land Holdings,67367,17017,local
Rented Land Holdings,4916,17017,local
Other Tenure Land,24,17004,local
Owned Land Holdings,67367,17004,local
Rented Land Holdings,4916,17004,local
Other Tenure Land,24,17015,local
Owned Land Holdings,67367,17015,local
Rented Land Holdings,4916,17015,local
Other Tenure Land,24,17011,local
Owned Land Holdings,67367,17011,local
Rented Land Holdings,4916,17011,local
Other Tenure Land,24,17016,local
Owned Land Holdings,67367,17016,local
Rented Land Holdings,4916,17016,local
Other Tenure Land,24,17006,local
Owned Land Holdings,67367,17006,local
Rented Land Holdings,4916,17006,local
Other Tenure Land,24,17018,local
Owned Land Holdings,67367,17018,local
Rented Land Holdings,4916,17018,local
Other Tenure Land,24,17007,local
Owned Land Holdings,67367,17007,local
Rented Land Holdings,4916,17007,local
Other Tenure Land,24,17014,local
Owned Land Holdings,67367,17014,local
Rented Land Holdings,4916,17014,local
Other Tenure Land,24,17012,local
Owned Land Holdings,67367,17012,local
Rented Land Holdings,4916,17012,local
Other Tenure Land,24,17005,local
Owned Land Holdings,67367,17005,local
Rented Land Holdings,4916,17005,local
Other Tenure Land,24,17001,local
Owned Land Holdings,67367,17001,local
Rented Land Holdings,4916,17001,local
Other Tenure Land,24,17009,local
Owned Land Holdings,67367,17009,local
Rented Land Holdings,4916,17009,local
Other Tenure Land,24,17010,local
Owned Land Holdings,67367,17010,local
Rented Land Holdings,4916,17010,local
Other Tenure Land,24,17008,local
Owned Land Holdings,67367,17008,local
Rented Land Holdings,4916,17008,local
Other Tenure Land,24,17003,local
Owned Land Holdings,67367,17003,local
Rented Land Holdings,4916,17003,local
Other Tenure Land,24,17002,local
Owned Land Holdings,67367,17002,local
Rented Land Holdings,4916,17002,local
Other Tenure Land,664,7,province
Owned Land Holdings,185016,7,province
Rented Land Holdings,31749,7,province
Other Tenure Land,12,4,district
Owned Land Holdings,19486,4,district
Rented Land Holdings,1828,4,district
Other Tenure Land,12,74005,local
Owned Land Holdings,19486,74005,local
Rented Land Holdings,1828,74005,local
Other Tenure Land,12,74008,local
Owned Land Holdings,19486,74008,local
Rented Land Holdings,1828,74008,local
Other Tenure Land,12,74010,local
Owned Land Holdings,19486,74010,local
Rented Land Holdings,1828,74010,local
Other Tenure Land,12,74009,local
Owned Land Holdings,19486,74009,local
Rented Land Holdings,1828,74009,local
Other Tenure Land,12,74007,local
Owned Land Holdings,19486,74007,local
Rented Land Holdings,1828,74007,local
Other Tenure Land,12,74003,local
Owned Land Holdings,19486,74003,local
Rented Land Holdings,1828,74003,local
Other Tenure Land,12,74004,local
Owned Land Holdings,19486,74004,local
Rented Land Holdings,1828,74004,local
Other Tenure Land,12,74001,local
Owned Land Holdings,19486,74001,local
Rented Land Holdings,1828,74001,local
Other Tenure Land,12,74002,local
Owned Land Holdings,19486,74002,local
Rented Land Holdings,1828,74002,local
Other Tenure Land,12,74006,local
Owned Land Holdings,19486,74006,local
Rented Land Holdings,1828,74006,local
Other Tenure Land,195,16,district
Owned Land Holdings,16776,16,district
Rented Land Holdings,407,16,district
Other Tenure Land,195,75005,local
Owned Land Holdings,16776,75005,local
Rented Land Holdings,407,75005,local
Other Tenure Land,195,75009,local
Owned Land Holdings,16776,75009,local
Rented Land Holdings,407,75009,local
Other Tenure Land,195,75001,local
Owned Land Holdings,16776,75001,local
Rented Land Holdings,407,75001,local
Other Tenure Land,195,75008,local
Owned Land Holdings,16776,75008,local
Rented Land Holdings,407,75008,local
Other Tenure Land,195,75002,local
Owned Land Holdings,16776,75002,local
Rented Land Holdings,407,75002,local
Other Tenure Land,195,75004,local
Owned Land Holdings,16776,75004,local
Rented Land Holdings,407,75004,local
Other Tenure Land,195,75006,local
Owned Land Holdings,16776,75006,local
Rented Land Holdings,407,75006,local
Other Tenure Land,195,75003,local
Owned Land Holdings,16776,75003,local
Rented Land Holdings,407,75003,local
Other Tenure Land,195,75007,local
Owned Land Holdings,16776,75007,local
Rented Land Holdings,407,75007,local
Other Tenure Land,17,13,district
Owned Land Holdings,10708,13,district
Rented Land Holdings,892,13,district
Other Tenure Land,17,73006,local
Owned Land Holdings,10708,73006,local
Rented Land Holdings,892,73006,local
Other Tenure Land,17,73005,local
Owned Land Holdings,10708,73005,local
Rented Land Holdings,892,73005,local
Other Tenure Land,17,73007,local
Owned Land Holdings,10708,73007,local
Rented Land Holdings,892,73007,local
Other Tenure Land,17,73002,local
Owned Land Holdings,10708,73002,local
Rented Land Holdings,892,73002,local
Other Tenure Land,17,73001,local
Owned Land Holdings,10708,73001,local
Rented Land Holdings,892,73001,local
Other Tenure Land,17,73004,local
Owned Land Holdings,10708,73004,local
Rented Land Holdings,892,73004,local
Other Tenure Land,17,73003,local
Owned Land Holdings,10708,73003,local
Rented Land Holdings,892,73003,local
Other Tenure Land,25,6,district
Owned Land Holdings,8502,6,district
Rented Land Holdings,886,6,district
Other Tenure Land,25,67002,local
Owned Land Holdings,8502,67002,local
Rented Land Holdings,886,67002,local
Other Tenure Land,25,67006,local
Owned Land Holdings,8502,67006,local
Rented Land Holdings,886,67006,local
Other Tenure Land,25,67009,local
Owned Land Holdings,8502,67009,local
Rented Land Holdings,886,67009,local
Other Tenure Land,25,67007,local
Owned Land Holdings,8502,67007,local
Rented Land Holdings,886,67007,local
Other Tenure Land,25,67008,local
Owned Land Holdings,8502,67008,local
Rented Land Holdings,886,67008,local
Other Tenure Land,25,67003,local
Owned Land Holdings,8502,67003,local
Rented Land Holdings,886,67003,local
Other Tenure Land,25,67005,local
Owned Land Holdings,8502,67005,local
Rented Land Holdings,886,67005,local
Other Tenure Land,25,67004,local
Owned Land Holdings,8502,67004,local
Rented Land Holdings,886,67004,local
Other Tenure Land,25,67001,local
Owned Land Holdings,8502,67001,local
Rented Land Holdings,886,67001,local
Other Tenure Land,354,30,district
Owned Land Holdings,50692,30,district
Rented Land Holdings,15612,30,district
Other Tenure Land,354,71004,local
Owned Land Holdings,50692,71004,local
Rented Land Holdings,15612,71004,local
Other Tenure Land,354,71012,local
Owned Land Holdings,50692,71012,local
Rented Land Holdings,15612,71012,local
Other Tenure Land,354,71009,local
Owned Land Holdings,50692,71009,local
Rented Land Holdings,15612,71009,local
Other Tenure Land,354,71013,local
Owned Land Holdings,50692,71013,local
Rented Land Holdings,15612,71013,local
Other Tenure Land,354,71001,local
Owned Land Holdings,50692,71001,local
Rented Land Holdings,15612,71001,local
Other Tenure Land,354,71007,local
Owned Land Holdings,50692,71007,local
Rented Land Holdings,15612,71007,local
Other Tenure Land,354,71011,local
Owned Land Holdings,50692,71011,local
Rented Land Holdings,15612,71011,local
Other Tenure Land,354,71002,local
Owned Land Holdings,50692,71002,local
Rented Land Holdings,15612,71002,local
Other Tenure Land,354,71003,local
Owned Land Holdings,50692,71003,local
Rented Land Holdings,15612,71003,local
Other Tenure Land,354,71006,local
Owned Land Holdings,50692,71006,local
Rented Land Holdings,15612,71006,local
Other Tenure Land,354,71005,local
Owned Land Holdings,50692,71005,local
Rented Land Holdings,15612,71005,local
Other Tenure Land,354,71010,local
Owned Land Holdings,50692,71010,local
Rented Land Holdings,15612,71010,local
Other Tenure Land,354,71008,local
Owned Land Holdings,50692,71008,local
Rented Land Holdings,15612,71008,local
Other Tenure Land,19,22,district
Owned Land Holdings,14415,22,district
Rented Land Holdings,1949,22,district
Other Tenure Land,19,70007,local
Owned Land Holdings,14415,70007,local
Rented Land Holdings,1949,70007,local
Other Tenure Land,19,70004,local
Owned Land Holdings,14415,70004,local
Rented Land Holdings,1949,70004,local
Other Tenure Land,19,70001,local
Owned Land Holdings,14415,70001,local
Rented Land Holdings,1949,70001,local
Other Tenure Land,19,70002,local
Owned Land Holdings,14415,70002,local
Rented Land Holdings,1949,70002,local
Other Tenure Land,19,70006,local
Owned Land Holdings,14415,70006,local
Rented Land Holdings,1949,70006,local
Other Tenure Land,19,70008,local
Owned Land Holdings,14415,70008,local
Rented Land Holdings,1949,70008,local
Other Tenure Land,19,70003,local
Owned Land Holdings,14415,70003,local
Rented Land Holdings,1949,70003,local
Other Tenure Land,19,70009,local
Owned Land Holdings,14415,70009,local
Rented Land Holdings,1949,70009,local
Other Tenure Land,19,70005,local
Owned Land Holdings,14415,70005,local
Rented Land Holdings,1949,70005,local
Other Tenure Land,8,1,district
Owned Land Holdings,15538,1,district
Rented Land Holdings,2942,1,district
Other Tenure Land,8,69006,local
Owned Land Holdings,15538,69006,local
Rented Land Holdings,2942,69006,local
Other Tenure Land,8,69004,local
Owned Land Holdings,15538,69004,local
Rented Land Holdings,2942,69004,local
Other Tenure Land,8,69010,local
Owned Land Holdings,15538,69010,local
Rented Land Holdings,2942,69010,local
Other Tenure Land,8,69005,local
Owned Land Holdings,15538,69005,local
Rented Land Holdings,2942,69005,local
Other Tenure Land,8,69008,local
Owned Land Holdings,15538,69008,local
Rented Land Holdings,2942,69008,local
Other Tenure Land,8,69001,local
Owned Land Holdings,15538,69001,local
Rented Land Holdings,2942,69001,local
Other Tenure Land,8,69003,local
Owned Land Holdings,15538,69003,local
Rented Land Holdings,2942,69003,local
Other Tenure Land,8,69009,local
Owned Land Holdings,15538,69009,local
Rented Land Holdings,2942,69009,local
Other Tenure Land,8,69007,local
Owned Land Holdings,15538,69007,local
Rented Land Holdings,2942,69007,local
Other Tenure Land,8,69002,local
Owned Land Holdings,15538,69002,local
Rented Land Holdings,2942,69002,local
Other Tenure Land,13,5,district
Owned Land Holdings,11372,5,district
Rented Land Holdings,427,5,district
Other Tenure Land,13,68011,local
Owned Land Holdings,11372,68011,local
Rented Land Holdings,427,68011,local
Other Tenure Land,13,68007,local
Owned Land Holdings,11372,68007,local
Rented Land Holdings,427,68007,local
Other Tenure Land,13,68010,local
Owned Land Holdings,11372,68010,local
Rented Land Holdings,427,68010,local
Other Tenure Land,13,68012,local
Owned Land Holdings,11372,68012,local
Rented Land Holdings,427,68012,local
Other Tenure Land,13,68002,local
Owned Land Holdings,11372,68002,local
Rented Land Holdings,427,68002,local
Other Tenure Land,13,68001,local
Owned Land Holdings,11372,68001,local
Rented Land Holdings,427,68001,local
Other Tenure Land,13,68004,local
Owned Land Holdings,11372,68004,local
Rented Land Holdings,427,68004,local
Other Tenure Land,13,68005,local
Owned Land Holdings,11372,68005,local
Rented Land Holdings,427,68005,local
Other Tenure Land,13,68009,local
Owned Land Holdings,11372,68009,local
Rented Land Holdings,427,68009,local
Other Tenure Land,13,68003,local
Owned Land Holdings,11372,68003,local
Rented Land Holdings,427,68003,local
Other Tenure Land,13,68006,local
Owned Land Holdings,11372,68006,local
Rented Land Holdings,427,68006,local
Other Tenure Land,13,68008,local
Owned Land Holdings,11372,68008,local
Rented Land Holdings,427,68008,local
Other Tenure Land,21,32,district
Owned Land Holdings,37526,32,district
Rented Land Holdings,6806,32,district
Other Tenure Land,21,72007,local
Owned Land Holdings,37526,72007,local
Rented Land Holdings,6806,72007,local
Other Tenure Land,21,72005,local
Owned Land Holdings,37526,72005,local
Rented Land Holdings,6806,72005,local
Other Tenure Land,21,72001,local
Owned Land Holdings,37526,72001,local
Rented Land Holdings,6806,72001,local
Other Tenure Land,21,72009,local
Owned Land Holdings,37526,72009,local
Rented Land Holdings,6806,72009,local
Other Tenure Land,21,72002,local
Owned Land Holdings,37526,72002,local
Rented Land Holdings,6806,72002,local
Other Tenure Land,21,72006,local
Owned Land Holdings,37526,72006,local
Rented Land Holdings,6806,72006,local
Other Tenure Land,21,72008,local
Owned Land Holdings,37526,72008,local
Rented Land Holdings,6806,72008,local
Other Tenure Land,21,72003,local
Owned Land Holdings,37526,72003,local
Rented Land Holdings,6806,72003,local
Other Tenure Land,21,72004,local
Owned Land Holdings,37526,72004,local
Rented Land Holdings,6806,72004,local
Other Tenure Land,2209,1,province
Owned Land Holdings,505060,1,province
Rented Land Holdings,95203,1,province
Other Tenure Land,111,69,district
Owned Land Holdings,55633,69,district
Rented Land Holdings,19398,69,district
Other Tenure Land,111,6001,local
Owned Land Holdings,55633,6001,local
Rented Land Holdings,19398,6001,local
Other Tenure Land,111,6007,local
Owned Land Holdings,55633,6007,local
Rented Land Holdings,19398,6007,local
Other Tenure Land,111,6012,local
Owned Land Holdings,55633,6012,local
Rented Land Holdings,19398,6012,local
Other Tenure Land,111,6002,local
Owned Land Holdings,55633,6002,local
Rented Land Holdings,19398,6002,local
Other Tenure Land,111,6004,local
Owned Land Holdings,55633,6004,local
Rented Land Holdings,19398,6004,local
Other Tenure Land,111,6008,local
Owned Land Holdings,55633,6008,local
Rented Land Holdings,19398,6008,local
Other Tenure Land,111,6003,local
Owned Land Holdings,55633,6003,local
Rented Land Holdings,19398,6003,local
Other Tenure Land,111,6011,local
Owned Land Holdings,55633,6011,local
Rented Land Holdings,19398,6011,local
Other Tenure Land,111,6009,local
Owned Land Holdings,55633,6009,local
Rented Land Holdings,19398,6009,local
Other Tenure Land,111,6010,local
Owned Land Holdings,55633,6010,local
Rented Land Holdings,19398,6010,local
Other Tenure Land,111,6005,local
Owned Land Holdings,55633,6005,local
Rented Land Holdings,19398,6005,local
Other Tenure Land,111,6006,local
Owned Land Holdings,55633,6006,local
Rented Land Holdings,19398,6006,local
Other Tenure Land,151,28,district
Owned Land Holdings,77774,28,district
Rented Land Holdings,24517,28,district
Other Tenure Land,151,4011,local
Owned Land Holdings,77774,4011,local
Rented Land Holdings,24517,4011,local
Other Tenure Land,151,4015,local
Owned Land Holdings,77774,4015,local
Rented Land Holdings,24517,4015,local
Other Tenure Land,151,4009,local
Owned Land Holdings,77774,4009,local
Rented Land Holdings,24517,4009,local
Other Tenure Land,151,4013,local
Owned Land Holdings,77774,4013,local
Rented Land Holdings,24517,4013,local
Other Tenure Land,151,4008,local
Owned Land Holdings,77774,4008,local
Rented Land Holdings,24517,4008,local
Other Tenure Land,151,4003,local
Owned Land Holdings,77774,4003,local
Rented Land Holdings,24517,4003,local
Other Tenure Land,151,4006,local
Owned Land Holdings,77774,4006,local
Rented Land Holdings,24517,4006,local
Other Tenure Land,151,4010,local
Owned Land Holdings,77774,4010,local
Rented Land Holdings,24517,4010,local
Other Tenure Land,151,4014,local
Owned Land Holdings,77774,4014,local
Rented Land Holdings,24517,4014,local
Other Tenure Land,151,4012,local
Owned Land Holdings,77774,4012,local
Rented Land Holdings,24517,4012,local
Other Tenure Land,151,4001,local
Owned Land Holdings,77774,4001,local
Rented Land Holdings,24517,4001,local
Other Tenure Land,151,4004,local
Owned Land Holdings,77774,4004,local
Rented Land Holdings,24517,4004,local
Other Tenure Land,151,4002,local
Owned Land Holdings,77774,4002,local
Rented Land Holdings,24517,4002,local
Other Tenure Land,151,4005,local
Owned Land Holdings,77774,4005,local
Rented Land Holdings,24517,4005,local
Other Tenure Land,151,4007,local
Owned Land Holdings,77774,4007,local
Rented Land Holdings,24517,4007,local
Other Tenure Land,79,11,district
Owned Land Holdings,26536,11,district
Rented Land Holdings,3160,11,district
Other Tenure Land,79,10003,local
Owned Land Holdings,26536,10003,local
Rented Land Holdings,3160,10003,local
Other Tenure Land,79,10008,local
Owned Land Holdings,26536,10008,local
Rented Land Holdings,3160,10008,local
Other Tenure Land,79,10007,local
Owned Land Holdings,26536,10007,local
Rented Land Holdings,3160,10007,local
Other Tenure Land,79,10005,local
Owned Land Holdings,26536,10005,local
Rented Land Holdings,3160,10005,local
Other Tenure Land,79,10001,local
Owned Land Holdings,26536,10001,local
Rented Land Holdings,3160,10001,local
Other Tenure Land,79,10002,local
Owned Land Holdings,26536,10002,local
Rented Land Holdings,3160,10002,local
Other Tenure Land,79,10004,local
Owned Land Holdings,26536,10004,local
Rented Land Holdings,3160,10004,local
Other Tenure Land,79,10009,local
Owned Land Holdings,26536,10009,local
Rented Land Holdings,3160,10009,local
Other Tenure Land,79,10006,local
Owned Land Holdings,26536,10006,local
Rented Land Holdings,3160,10006,local
Other Tenure Land,112,18,district
Owned Land Holdings,22829,18,district
Rented Land Holdings,2547,18,district
Other Tenure Land,112,7006,local
Owned Land Holdings,22829,7006,local
Rented Land Holdings,2547,7006,local
Other Tenure Land,112,7004,local
Owned Land Holdings,22829,7004,local
Rented Land Holdings,2547,7004,local
Other Tenure Land,112,7002,local
Owned Land Holdings,22829,7002,local
Rented Land Holdings,2547,7002,local
Other Tenure Land,112,7005,local
Owned Land Holdings,22829,7005,local
Rented Land Holdings,2547,7005,local
Other Tenure Land,112,7003,local
Owned Land Holdings,22829,7003,local
Rented Land Holdings,2547,7003,local
Other Tenure Land,112,7001,local
Owned Land Holdings,22829,7001,local
Rented Land Holdings,2547,7001,local
Other Tenure Land,112,7007,local
Owned Land Holdings,22829,7007,local
Rented Land Holdings,2547,7007,local
Other Tenure Land,81,62,district
Owned Land Holdings,25681,62,district
Rented Land Holdings,3194,62,district
Other Tenure Land,81,9004,local
Owned Land Holdings,25681,9004,local
Rented Land Holdings,3194,9004,local
Other Tenure Land,81,9001,local
Owned Land Holdings,25681,9001,local
Rented Land Holdings,3194,9001,local
Other Tenure Land,81,9010,local
Owned Land Holdings,25681,9010,local
Rented Land Holdings,3194,9010,local
Other Tenure Land,81,9007,local
Owned Land Holdings,25681,9007,local
Rented Land Holdings,3194,9007,local
Other Tenure Land,81,9006,local
Owned Land Holdings,25681,9006,local
Rented Land Holdings,3194,9006,local
Other Tenure Land,81,9002,local
Owned Land Holdings,25681,9002,local
Rented Land Holdings,3194,9002,local
Other Tenure Land,81,9005,local
Owned Land Holdings,25681,9005,local
Rented Land Holdings,3194,9005,local
Other Tenure Land,81,9003,local
Owned Land Holdings,25681,9003,local
Rented Land Holdings,3194,9003,local
Other Tenure Land,81,9008,local
Owned Land Holdings,25681,9008,local
Rented Land Holdings,3194,9008,local
Other Tenure Land,81,9009,local
Owned Land Holdings,25681,9009,local
Rented Land Holdings,3194,9009,local
Other Tenure Land,3,75,district
Owned Land Holdings,25265,75,district
Rented Land Holdings,2894,75,district
Other Tenure Land,3,14006,local
Owned Land Holdings,25265,14006,local
Rented Land Holdings,2894,14006,local
Other Tenure Land,3,14004,local
Owned Land Holdings,25265,14004,local
Rented Land Holdings,2894,14004,local
Other Tenure Land,3,14007,local
Owned Land Holdings,25265,14007,local
Rented Land Holdings,2894,14007,local
Other Tenure Land,3,14001,local
Owned Land Holdings,25265,14001,local
Rented Land Holdings,2894,14001,local
Other Tenure Land,3,14005,local
Owned Land Holdings,25265,14005,local
Rented Land Holdings,2894,14005,local
Other Tenure Land,3,14003,local
Owned Land Holdings,25265,14003,local
Rented Land Holdings,2894,14003,local
Other Tenure Land,3,14008,local
Owned Land Holdings,25265,14008,local
Rented Land Holdings,2894,14008,local
Other Tenure Land,3,14002,local
Owned Land Holdings,25265,14002,local
Rented Land Holdings,2894,14002,local
Other Tenure Land,362,51,district
Owned Land Holdings,26297,51,district
Rented Land Holdings,2067,51,district
Other Tenure Land,362,2004,local
Owned Land Holdings,26297,2004,local
Rented Land Holdings,2067,2004,local
Other Tenure Land,362,2001,local
Owned Land Holdings,26297,2001,local
Rented Land Holdings,2067,2001,local
Other Tenure Land,362,2003,local
Owned Land Holdings,26297,2003,local
Rented Land Holdings,2067,2003,local
Other Tenure Land,362,2005,local
Owned Land Holdings,26297,2005,local
Rented Land Holdings,2067,2005,local
Other Tenure Land,362,2006,local
Owned Land Holdings,26297,2006,local
Rented Land Holdings,2067,2006,local
Other Tenure Land,362,2008,local
Owned Land Holdings,26297,2008,local
Rented Land Holdings,2067,2008,local
Other Tenure Land,362,2007,local
Owned Land Holdings,26297,2007,local
Rented Land Holdings,2067,2007,local
Other Tenure Land,362,2002,local
Owned Land Holdings,26297,2002,local
Rented Land Holdings,2067,2002,local
Other Tenure Land,39,74,district
Owned Land Holdings,17684,74,district
Rented Land Holdings,1379,74,district
Other Tenure Land,39,8001,local
Owned Land Holdings,17684,8001,local
Rented Land Holdings,1379,8001,local
Other Tenure Land,39,8005,local
Owned Land Holdings,17684,8005,local
Rented Land Holdings,1379,8005,local
Other Tenure Land,39,8003,local
Owned Land Holdings,17684,8003,local
Rented Land Holdings,1379,8003,local
Other Tenure Land,39,8004,local
Owned Land Holdings,17684,8004,local
Rented Land Holdings,1379,8004,local
Other Tenure Land,39,8006,local
Owned Land Holdings,17684,8006,local
Rented Land Holdings,1379,8006,local
Other Tenure Land,39,8002,local
Owned Land Holdings,17684,8002,local
Rented Land Holdings,1379,8002,local
Other Tenure Land,1006,26,district
Owned Land Holdings,50262,26,district
Rented Land Holdings,2126,26,district
Other Tenure Land,1006,3009,local
Owned Land Holdings,50262,3009,local
Rented Land Holdings,2126,3009,local
Other Tenure Land,1006,3001,local
Owned Land Holdings,50262,3001,local
Rented Land Holdings,2126,3001,local
Other Tenure Land,1006,3007,local
Owned Land Holdings,50262,3007,local
Rented Land Holdings,2126,3007,local
Other Tenure Land,1006,3003,local
Owned Land Holdings,50262,3003,local
Rented Land Holdings,2126,3003,local
Other Tenure Land,1006,3006,local
Owned Land Holdings,50262,3006,local
Rented Land Holdings,2126,3006,local
Other Tenure Land,1006,3005,local
Owned Land Holdings,50262,3005,local
Rented Land Holdings,2126,3005,local
Other Tenure Land,1006,3008,local
Owned Land Holdings,50262,3008,local
Rented Land Holdings,2126,3008,local
Other Tenure Land,1006,3004,local
Owned Land Holdings,50262,3004,local
Rented Land Holdings,2126,3004,local
Other Tenure Land,1006,3002,local
Owned Land Holdings,50262,3002,local
Rented Land Holdings,2126,3002,local
Other Tenure Land,1006,3010,local
Owned Land Holdings,50262,3010,local
Rented Land Holdings,2126,3010,local
Other Tenure Land,96,49,district
Owned Land Holdings,27235,49,district
Rented Land Holdings,1216,49,district
Other Tenure Land,96,12008,local
Owned Land Holdings,27235,12008,local
Rented Land Holdings,1216,12008,local
Other Tenure Land,96,12001,local
Owned Land Holdings,27235,12001,local
Rented Land Holdings,1216,12001,local
Other Tenure Land,96,12002,local
Owned Land Holdings,27235,12002,local
Rented Land Holdings,1216,12002,local
Other Tenure Land,96,12004,local
Owned Land Holdings,27235,12004,local
Rented Land Holdings,1216,12004,local
Other Tenure Land,96,12007,local
Owned Land Holdings,27235,12007,local
Rented Land Holdings,1216,12007,local
Other Tenure Land,96,12005,local
Owned Land Holdings,27235,12005,local
Rented Land Holdings,1216,12005,local
Other Tenure Land,96,12003,local
Owned Land Holdings,27235,12003,local
Rented Land Holdings,1216,12003,local
Other Tenure Land,96,12006,local
Owned Land Holdings,27235,12006,local
Rented Land Holdings,1216,12006,local
Other Tenure Land,5,37,district
Owned Land Holdings,28649,37,district
Rented Land Holdings,2696,37,district
Other Tenure Land,5,13006,local
Owned Land Holdings,28649,13006,local
Rented Land Holdings,2696,13006,local
Other Tenure Land,5,13010,local
Owned Land Holdings,28649,13010,local
Rented Land Holdings,2696,13010,local
Other Tenure Land,5,13004,local
Owned Land Holdings,28649,13004,local
Rented Land Holdings,2696,13004,local
Other Tenure Land,5,13001,local
Owned Land Holdings,28649,13001,local
Rented Land Holdings,2696,13001,local
Other Tenure Land,5,13002,local
Owned Land Holdings,28649,13002,local
Rented Land Holdings,2696,13002,local
Other Tenure Land,5,13008,local
Owned Land Holdings,28649,13008,local
Rented Land Holdings,2696,13008,local
Other Tenure Land,5,13003,local
Owned Land Holdings,28649,13003,local
Rented Land Holdings,2696,13003,local
Other Tenure Land,5,13007,local
Owned Land Holdings,28649,13007,local
Rented Land Holdings,2696,13007,local
Other Tenure Land,5,13005,local
Owned Land Holdings,28649,13005,local
Rented Land Holdings,2696,13005,local
Other Tenure Land,5,13009,local
Owned Land Holdings,28649,13009,local
Rented Land Holdings,2696,13009,local
Other Tenure Land,2,73,district
Owned Land Holdings,18980,73,district
Rented Land Holdings,3346,73,district
Other Tenure Land,2,1005,local
Owned Land Holdings,18980,1005,local
Rented Land Holdings,3346,1005,local
Other Tenure Land,2,1002,local
Owned Land Holdings,18980,1002,local
Rented Land Holdings,3346,1002,local
Other Tenure Land,2,1006,local
Owned Land Holdings,18980,1006,local
Rented Land Holdings,3346,1006,local
Other Tenure Land,2,1007,local
Owned Land Holdings,18980,1007,local
Rented Land Holdings,3346,1007,local
Other Tenure Land,2,1004,local
Owned Land Holdings,18980,1004,local
Rented Land Holdings,3346,1004,local
Other Tenure Land,2,1008,local
Owned Land Holdings,18980,1008,local
Rented Land Holdings,3346,1008,local
Other Tenure Land,2,1009,local
Owned Land Holdings,18980,1009,local
Rented Land Holdings,3346,1009,local
Other Tenure Land,2,1003,local
Owned Land Holdings,18980,1003,local
Rented Land Holdings,3346,1003,local
Other Tenure Land,2,1001,local
Owned Land Holdings,18980,1001,local
Rented Land Holdings,3346,1001,local
Other Tenure Land,163,43,district
Owned Land Holdings,84504,43,district
Rented Land Holdings,25276,43,district
Other Tenure Land,163,5015,local
Owned Land Holdings,84504,5015,local
Rented Land Holdings,25276,5015,local
Other Tenure Land,163,5010,local
Owned Land Holdings,84504,5010,local
Rented Land Holdings,25276,5010,local
Other Tenure Land,163,5014,local
Owned Land Holdings,84504,5014,local
Rented Land Holdings,25276,5014,local
Other Tenure Land,163,5003,local
Owned Land Holdings,84504,5003,local
Rented Land Holdings,25276,5003,local
Other Tenure Land,163,5017,local
Owned Land Holdings,84504,5017,local
Rented Land Holdings,25276,5017,local
Other Tenure Land,163,5016,local
Owned Land Holdings,84504,5016,local
Rented Land Holdings,25276,5016,local
Other Tenure Land,163,5007,local
Owned Land Holdings,84504,5007,local
Rented Land Holdings,25276,5007,local
Other Tenure Land,163,5001,local
Owned Land Holdings,84504,5001,local
Rented Land Holdings,25276,5001,local
Other Tenure Land,163,5012,local
Owned Land Holdings,84504,5012,local
Rented Land Holdings,25276,5012,local
Other Tenure Land,163,5011,local
Owned Land Holdings,84504,5011,local
Rented Land Holdings,25276,5011,local
Other Tenure Land,163,5005,local
Owned Land Holdings,84504,5005,local
Rented Land Holdings,25276,5005,local
Other Tenure Land,163,5013,local
Owned Land Holdings,84504,5013,local
Rented Land Holdings,25276,5013,local
Other Tenure Land,163,5008,local
Owned Land Holdings,84504,5008,local
Rented Land Holdings,25276,5008,local
Other Tenure Land,163,5004,local
Owned Land Holdings,84504,5004,local
Rented Land Holdings,25276,5004,local
Other Tenure Land,163,5006,local
Owned Land Holdings,84504,5006,local
Rented Land Holdings,25276,5006,local
Other Tenure Land,163,5009,local
Owned Land Holdings,84504,5009,local
Rented Land Holdings,25276,5009,local
Other Tenure Land,163,5002,local
Owned Land Holdings,84504,5002,local
Rented Land Holdings,25276,5002,local
Other Tenure Land,0,68,district
Owned Land Holdings,17730,68,district
Rented Land Holdings,1387,68,district
Other Tenure Land,0,11001,local
Owned Land Holdings,17730,11001,local
Rented Land Holdings,1387,11001,local
Other Tenure Land,0,11006,local
Owned Land Holdings,17730,11006,local
Rented Land Holdings,1387,11006,local
Other Tenure Land,0,11007,local
Owned Land Holdings,17730,11007,local
Rented Land Holdings,1387,11007,local
Other Tenure Land,0,11004,local
Owned Land Holdings,17730,11004,local
Rented Land Holdings,1387,11004,local
Other Tenure Land,0,11003,local
Owned Land Holdings,17730,11003,local
Rented Land Holdings,1387,11003,local
Other Tenure Land,0,11008,local
Owned Land Holdings,17730,11008,local
Rented Land Holdings,1387,11008,local
Other Tenure Land,0,11005,local
Owned Land Holdings,17730,11005,local
Rented Land Holdings,1387,11005,local
Other Tenure Land,0,11002,local
Owned Land Holdings,17730,11002,local
Rented Land Holdings,1387,11002,local
Other Tenure Land,730,6,province
Owned Land Holdings,136843,6,province
Rented Land Holdings,4121,6,province
Other Tenure Land,0,14,district
Owned Land Holdings,21147,14,district
Rented Land Holdings,183,14,district
Other Tenure Land,0,60001,local
Owned Land Holdings,21147,60001,local
Rented Land Holdings,183,60001,local
Other Tenure Land,0,60007,local
Owned Land Holdings,21147,60007,local
Rented Land Holdings,183,60007,local
Other Tenure Land,0,60002,local
Owned Land Holdings,21147,60002,local
Rented Land Holdings,183,60002,local
Other Tenure Land,0,60009,local
Owned Land Holdings,21147,60009,local
Rented Land Holdings,183,60009,local
Other Tenure Land,0,60006,local
Owned Land Holdings,21147,60006,local
Rented Land Holdings,183,60006,local
Other Tenure Land,0,60004,local
Owned Land Holdings,21147,60004,local
Rented Land Holdings,183,60004,local
Other Tenure Land,0,60005,local
Owned Land Holdings,21147,60005,local
Rented Land Holdings,183,60005,local
Other Tenure Land,0,60010,local
Owned Land Holdings,21147,60010,local
Rented Land Holdings,183,60010,local
Other Tenure Land,0,60003,local
Owned Land Holdings,21147,60003,local
Rented Land Holdings,183,60003,local
Other Tenure Land,0,60008,local
Owned Land Holdings,21147,60008,local
Rented Land Holdings,183,60008,local
Other Tenure Land,0,60011,local
Owned Land Holdings,21147,60011,local
Rented Land Holdings,183,60011,local
Other Tenure Land,29,25,district
Owned Land Holdings,5187,25,district
Rented Land Holdings,16,25,district
Other Tenure Land,29,66001,local
Owned Land Holdings,5187,66001,local
Rented Land Holdings,16,66001,local
Other Tenure Land,29,66005,local
Owned Land Holdings,5187,66005,local
Rented Land Holdings,16,66005,local
Other Tenure Land,29,66004,local
Owned Land Holdings,5187,66004,local
Rented Land Holdings,16,66004,local
Other Tenure Land,29,66003,local
Owned Land Holdings,5187,66003,local
Rented Land Holdings,16,66003,local
Other Tenure Land,29,66002,local
Owned Land Holdings,5187,66002,local
Rented Land Holdings,16,66002,local
Other Tenure Land,29,66006,local
Owned Land Holdings,5187,66006,local
Rented Land Holdings,16,66006,local
Other Tenure Land,29,66007,local
Owned Land Holdings,5187,66007,local
Rented Land Holdings,16,66007,local
Other Tenure Land,0,29,district
Owned Land Holdings,6852,29,district
Rented Land Holdings,159,29,district
Other Tenure Land,0,63004,local
Owned Land Holdings,6852,63004,local
Rented Land Holdings,159,63004,local
Other Tenure Land,0,63006,local
Owned Land Holdings,6852,63006,local
Rented Land Holdings,159,63006,local
Other Tenure Land,0,63008,local
Owned Land Holdings,6852,63008,local
Rented Land Holdings,159,63008,local
Other Tenure Land,0,63005,local
Owned Land Holdings,6852,63005,local
Rented Land Holdings,159,63005,local
Other Tenure Land,0,63001,local
Owned Land Holdings,6852,63001,local
Rented Land Holdings,159,63001,local
Other Tenure Land,0,63002,local
Owned Land Holdings,6852,63002,local
Rented Land Holdings,159,63002,local
Other Tenure Land,0,63003,local
Owned Land Holdings,6852,63003,local
Rented Land Holdings,159,63003,local
Other Tenure Land,0,63007,local
Owned Land Holdings,6852,63007,local
Rented Land Holdings,159,63007,local
Other Tenure Land,560,70,district
Owned Land Holdings,25351,70,district
Rented Land Holdings,1331,70,district
Other Tenure Land,560,59008,local
Owned Land Holdings,25351,59008,local
Rented Land Holdings,1331,59008,local
Other Tenure Land,560,59005,local
Owned Land Holdings,25351,59005,local
Rented Land Holdings,1331,59005,local
Other Tenure Land,560,59006,local
Owned Land Holdings,25351,59006,local
Rented Land Holdings,1331,59006,local
Other Tenure Land,560,59001,local
Owned Land Holdings,25351,59001,local
Rented Land Holdings,1331,59001,local
Other Tenure Land,560,59007,local
Owned Land Holdings,25351,59007,local
Rented Land Holdings,1331,59007,local
Other Tenure Land,560,59009,local
Owned Land Holdings,25351,59009,local
Rented Land Holdings,1331,59009,local
Other Tenure Land,560,59003,local
Owned Land Holdings,25351,59003,local
Rented Land Holdings,1331,59003,local
Other Tenure Land,560,59002,local
Owned Land Holdings,25351,59002,local
Rented Land Holdings,1331,59002,local
Other Tenure Land,560,59004,local
Owned Land Holdings,25351,59004,local
Rented Land Holdings,1331,59004,local
Other Tenure Land,0,21,district
Owned Land Holdings,3700,21,district
Rented Land Holdings,34,21,district
Other Tenure Land,0,62007,local
Owned Land Holdings,3700,62007,local
Rented Land Holdings,34,62007,local
Other Tenure Land,0,62004,local
Owned Land Holdings,3700,62004,local
Rented Land Holdings,34,62004,local
Other Tenure Land,0,62001,local
Owned Land Holdings,3700,62001,local
Rented Land Holdings,34,62001,local
Other Tenure Land,0,62006,local
Owned Land Holdings,3700,62006,local
Rented Land Holdings,34,62006,local
Other Tenure Land,0,62003,local
Owned Land Holdings,3700,62003,local
Rented Land Holdings,34,62003,local
Other Tenure Land,0,62002,local
Owned Land Holdings,3700,62002,local
Rented Land Holdings,34,62002,local
Other Tenure Land,0,62008,local
Owned Land Holdings,3700,62008,local
Rented Land Holdings,34,62008,local
Other Tenure Land,0,62005,local
Owned Land Holdings,3700,62005,local
Rented Land Holdings,34,62005,local
Other Tenure Land,0,44,district
Owned Land Holdings,6120,44,district
Rented Land Holdings,98,44,district
Other Tenure Land,0,65002,local
Owned Land Holdings,6120,65002,local
Rented Land Holdings,98,65002,local
Other Tenure Land,0,65001,local
Owned Land Holdings,6120,65001,local
Rented Land Holdings,98,65001,local
Other Tenure Land,0,65003,local
Owned Land Holdings,6120,65003,local
Rented Land Holdings,98,65003,local
Other Tenure Land,0,65004,local
Owned Land Holdings,6120,65004,local
Rented Land Holdings,98,65004,local
Other Tenure Land,3,61,district
Owned Land Holdings,26548,61,district
Rented Land Holdings,134,61,district
Other Tenure Land,3,55009,local
Owned Land Holdings,26548,55009,local
Rented Land Holdings,134,55009,local
Other Tenure Land,3,55003,local
Owned Land Holdings,26548,55003,local
Rented Land Holdings,134,55003,local
Other Tenure Land,3,55002,local
Owned Land Holdings,26548,55002,local
Rented Land Holdings,134,55002,local
Other Tenure Land,3,55010,local
Owned Land Holdings,26548,55010,local
Rented Land Holdings,134,55010,local
Other Tenure Land,3,55006,local
Owned Land Holdings,26548,55006,local
Rented Land Holdings,134,55006,local
Other Tenure Land,3,55001,local
Owned Land Holdings,26548,55001,local
Rented Land Holdings,134,55001,local
Other Tenure Land,3,55007,local
Owned Land Holdings,26548,55007,local
Rented Land Holdings,134,55007,local
Other Tenure Land,3,55004,local
Owned Land Holdings,26548,55004,local
Rented Land Holdings,134,55004,local
Other Tenure Land,3,55008,local
Owned Land Holdings,26548,55008,local
Rented Land Holdings,134,55008,local
Other Tenure Land,3,55005,local
Owned Land Holdings,26548,55005,local
Rented Land Holdings,134,55005,local
Other Tenure Land,5,77,district
Owned Land Holdings,13192,77,district
Rented Land Holdings,219,77,district
Other Tenure Land,5,54003,local
Owned Land Holdings,13192,54003,local
Rented Land Holdings,219,54003,local
Other Tenure Land,5,54001,local
Owned Land Holdings,13192,54001,local
Rented Land Holdings,219,54001,local
Other Tenure Land,5,54005,local
Owned Land Holdings,13192,54005,local
Rented Land Holdings,219,54005,local
Other Tenure Land,5,54006,local
Owned Land Holdings,13192,54006,local
Rented Land Holdings,219,54006,local
Other Tenure Land,5,54002,local
Owned Land Holdings,13192,54002,local
Rented Land Holdings,219,54002,local
Other Tenure Land,5,54004,local
Owned Land Holdings,13192,54004,local
Rented Land Holdings,219,54004,local
Other Tenure Land,114,27,district
Owned Land Holdings,14800,27,district
Rented Land Holdings,1213,27,district
Other Tenure Land,114,61005,local
Owned Land Holdings,14800,61005,local
Rented Land Holdings,1213,61005,local
Other Tenure Land,114,61004,local
Owned Land Holdings,14800,61004,local
Rented Land Holdings,1213,61004,local
Other Tenure Land,114,61002,local
Owned Land Holdings,14800,61002,local
Rented Land Holdings,1213,61002,local
Other Tenure Land,114,61001,local
Owned Land Holdings,14800,61001,local
Rented Land Holdings,1213,61001,local
Other Tenure Land,114,61006,local
Owned Land Holdings,14800,61006,local
Rented Land Holdings,1213,61006,local
Other Tenure Land,114,61007,local
Owned Land Holdings,14800,61007,local
Rented Land Holdings,1213,61007,local
Other Tenure Land,114,61003,local
Owned Land Holdings,14800,61003,local
Rented Land Holdings,1213,61003,local
Other Tenure Land,19,31,district
Owned Land Holdings,13947,31,district
Rented Land Holdings,735,31,district
Other Tenure Land,19,64002,local
Owned Land Holdings,13947,64002,local
Rented Land Holdings,735,64002,local
Other Tenure Land,19,64001,local
Owned Land Holdings,13947,64001,local
Rented Land Holdings,735,64001,local
Other Tenure Land,19,64006,local
Owned Land Holdings,13947,64006,local
Rented Land Holdings,735,64006,local
Other Tenure Land,19,64004,local
Owned Land Holdings,13947,64004,local
Rented Land Holdings,735,64004,local
Other Tenure Land,19,64009,local
Owned Land Holdings,13947,64009,local
Rented Land Holdings,735,64009,local
Other Tenure Land,19,64008,local
Owned Land Holdings,13947,64008,local
Rented Land Holdings,735,64008,local
Other Tenure Land,19,64007,local
Owned Land Holdings,13947,64007,local
Rented Land Holdings,735,64007,local
Other Tenure Land,19,64003,local
Owned Land Holdings,13947,64003,local
Rented Land Holdings,735,64003,local
Other Tenure Land,19,64005,local
Owned Land Holdings,13947,64005,local
Rented Land Holdings,735,64005,local
